form	lemma	POS	morph
༄༅། །		PUNCT
མངོན་པ་	མངོན་པ་	OTHER
རྟོགས་པ་	རྟོགས་པ་	VERB
འི་	གི་	PART
རྒྱན་	རྒྱན་	NOUN
གྱི་	གི་	PART
ས་བཅད་	ས་བཅད་	NOUN
སྣང་བྱེད་	སྣང་བྱེད་	PROPN
སྒྲོན་མེ་	སྒྲོན་མེ་	NOUN
གཞུང་	གཞུང་	NOUN
དང་	དང་	NO_POS
བཅས་པ་	བཅས་པ་	VERB
བཞུགས་	བཞུགས་	VERB
སོ་	གོ་	PART
།།		PUNCT
སྐབས་	སྐབས་	NOUN
དང་པོ་	དང་པོ་	ADJ
།		PUNCT
རྣམ་མཁྱེན་	རྣམ་མཁྱེན་	NOUN
། ༄༅། །		PUNCT
བཅོམ་ལྡན་འདས་	བཅོམ་ལྡན་འདས་	NOUN
ཤེས་རབ་	ཤེས་རབ་	NOUN
ཀྱི་	གི་	PART
ཕ་རོལ་	ཕ་རོལ་	NOUN
ཏུ་	ལ་	PART
ཕྱིན་པ་	ཕྱིན་པ་	VERB
ལ་	ལ་	PART
ཕྱག་	ཕྱག་	NOUN
འཚལ་	འཚལ་	VERB
ལོ་	གོ་	PART
།།		PUNCT
ཟབ་	ཟབ་	VERB
ཅིང་	ཅིང་	PART
སྤྲོས་པ་	སྤྲོས་པ་	VERB
ཉེར་ཞི་བ་	ཉེར་ཞི་བ་	NO_POS
།།		PUNCT
འཕགས་	འཕགས་	VERB
གསུམ་	གསུམ་	NUM
སྨིན་	སྨིན་	VERB
བྱེད་	བྱེད་	VERB
རྒྱལ་བ་	རྒྱལ་བ་	NOUN
ཀུན་	ཀུན་	DET
།།		PUNCT
སྐྱེད་	སྐྱེད་	VERB
མཛད་	མཛད་	VERB
རྟེན་	རྟེན་	NOUN
ཅིང་	ཅིང་	PART
འབྲེལ་	འབྲེལ་	VERB
འབྱུང་བ་	འབྱུང་བ་	VERB
།།		PUNCT
རྒྱལ་ཡུམ་	རྒྱལ་ཡུམ་	OTHER
ཁྱོད་	ཁྱོད་	PRON
ལ་	ལ་	PART
ཕྱག་	ཕྱག་	NOUN
འཚལ་	འཚལ་	VERB
ལོ་	གོ་	PART
།།		PUNCT
མངོན་པ་	མངོན་པ་	OTHER
རྟོགས་པ་	རྟོགས་པ་	VERB
འི་	གི་	PART
རྒྱན་	རྒྱན་	NOUN
འདི་	འདི་	DET
ལ་	ལ་	PART
གཉིས་	གཉིས་	NUM
ཏེ་	སྟེ་	PART
།		PUNCT
ལོ་ཙཱ་བ་	ལོ་ཙཱ་བ་	NOUN
ས་	གིས་	PART
སྨོས་པ་	སྨོས་པ་	VERB
འི་	གི་	PART
མཚན་	མཚན་	NOUN
།		PUNCT
གཞུང་དངོས་	གཞུང་དངོས་	OTHER
སོ་	གོ་	PART
།།		PUNCT
དང་པོ་	དང་པོ་	ADJ
ལོ་ཙཱ་བ་	ལོ་ཙཱ་བ་	NOUN
ས་	གིས་	PART
སྨོས་པ་	སྨོས་པ་	VERB
འི་	གི་	PART
མཚན་	མཚན་	NOUN
ནི་	ནི་	NO_POS
།		PUNCT
རྒྱ་གར་	རྒྱ་གར་	PROPN
སྐད་	སྐད་	NOUN
དུ་	ལ་	PART
།		PUNCT
		
རྒྱ་གར་	རྒྱ་གར་	PROPN
སྐད་	སྐད་	NOUN
དུ་	ལ་	PART
།		PUNCT
		
ཨ་	ཨ་	X
བྷི་		NON_WORD
ས་	ས་	ADP
མ་	མ་	PART
ཡ་	ཡ་	NOUN
ཨ་	ཨ་	X
ལཾ་		NON_WORD
ཀཱ་	ཀཱ་	NO_POS
ར་	ར་	ADP
ནཱ་མ་	ནཱ་མ་	NO_POS
པྲཛྙཱ་	པྲཛྙཱ་	NO_POS
པཱ་	པཱ་	NO_POS
ར་	ར་	ADP
མི་	མི་	PART
ཏོ་	གོ་	PART
ཨུ་པ་	ཨུ་པ་	NO_POS
དེ་	སྟེ་	PART
ཤ་	ཤ་	NOUN
ཤཱ་	ཤཱ་	NO_POS
སྟྲ་		NON_WORD
ཀཱ་	ཀཱ་	NO_POS
རི་	རི་	NOUN
ཀཱ་	ཀཱ་	NO_POS
།		PUNCT
བོད་སྐད་	བོད་སྐད་	PROPN
དུ་	ལ་	PART
།		PUNCT
ཤེས་རབ་	ཤེས་རབ་	NOUN
ཀྱི་	གི་	PART
ཕ་རོལ་	ཕ་རོལ་	NOUN
ཏུ་	ལ་	PART
ཕྱིན་པ་	ཕྱིན་པ་	VERB
འི་	གི་	PART
མན་ངག་	མན་ངག་	NOUN
གི་	གི་	PART
བསྟན་བཅོས་	བསྟན་བཅོས་	NOUN
མངོན་པ་	མངོན་པ་	OTHER
རྟོགས་པ་	རྟོགས་པ་	VERB
འི་	གི་	PART
རྒྱན་	རྒྱན་	NOUN
ཞེ་	ཅེས་	PART
བྱ་བ་	བྱ་བ་	VERB
འི་	གི་	PART
ཚིག་ལེའུ་	ཚིག་ལེའུ་	OTHER
ར་	ལ་	PART
བྱས་པ་	བྱས་པ་	VERB
།		PUNCT
སངས་རྒྱས་	སངས་རྒྱས་	NOUN
དང་	དང་	NO_POS
བྱང་ཆུབ་	བྱང་ཆུབ་	NOUN
སེམས་དཔའ་	སེམས་དཔའ་	NOUN
ཐམས་ཅད་	ཐམས་ཅད་	DET
ལ་	ལ་	PART
ཕྱག་	ཕྱག་	NOUN
འཚལ་	འཚལ་	VERB
ལོ་	གོ་	PART
།།		PUNCT
		
ཞེས་་	ཞེས་པ་	PART
འོ་	གོ་	PART
།།		PUNCT
གཉིས་པ་	གཉིས་པ་	NUM
གཞུང་དངོས་	གཞུང་དངོས་	OTHER
ལ་	ལ་	PART
གསུམ་	གསུམ་	NUM
།		PUNCT
ཀླད་	ཀླད་	NOUN
ཀྱི་	གི་	PART
དོན་	དོན་	NOUN
དང་	དང་	NO_POS
།		PUNCT
གཞུང་	གཞུང་	NOUN
དང་	དང་	NO_POS
།		PUNCT
མཇུག་	མཇུག་	NOUN
གྱི་	གི་	PART
དོན་བསྡུས་	དོན་བསྡུས་	NOUN
རྣམ་	རྣམ་	NOUN
གྲངས་	གྲངས་	NOUN
གཞན་	གཞན་	DET
བསྟན་པ་	བསྟན་པ་	VERB
འོ་	གོ་	PART
། །		PUNCT
དང་པོ་	དང་པོ་	ADJ
ཀླད་	ཀླད་	NOUN
ཀྱི་	གི་	PART
དོན་	དོན་	NOUN
ལ་	ལ་	PART
གཉིས་	གཉིས་	NUM
།		PUNCT
མཁྱེན་པ་	མཁྱེན་པ་	VERB
གསུམ་	གསུམ་	NUM
གྱིས་	གིས་	PART
འཕགས་	འཕགས་	VERB
བཞི་	བཞི་	NUM
བསྐྱེད་པ་	བསྐྱེད་པ་	VERB
འི་	གི་	PART
སྒོ་	སྒོ་	NOUN
ན་	ནས་	PART
མཆོད་པ་	མཆོད་པ་	VERB
ར་	ལ་	PART
བརྗོད་པ་	བརྗོད་པ་	VERB
དང་	དང་	NO_POS
།		PUNCT
དགོས་འབྲེལ་	དགོས་འབྲེལ་	NO_POS
དགོས་པ་	དགོས་པ་	VERB
འོ་	གོ་	PART
། །		PUNCT
དང་པོ་	དང་པོ་	ADJ
མཁྱེན་པ་	མཁྱེན་པ་	VERB
གསུམ་	གསུམ་	NUM
གྱིས་	གིས་	PART
འཕགས་	འཕགས་	VERB
བཞི་	བཞི་	NUM
བསྐྱེད་པ་	བསྐྱེད་པ་	VERB
འི་	གི་	PART
སྒོ་	སྒོ་	NOUN
ན་	ནས་	PART
མཆོད་པ་	མཆོད་པ་	VERB
ར་	ལ་	PART
བརྗོད་པ་	བརྗོད་པ་	VERB
ནི་	ནི་	NO_POS
།		PUNCT
ཉན་ཐོས་	ཉན་ཐོས་	NOUN
ཞི་བ་	ཞི་བ་	VERB
ཚོལ་	ཚོལ་	VERB
རྣམས་	རྣམས་	DET
ཀུན་ཤེས་	ཀུན་ཤེས་	PROPN
ཉིད་	ཉིད་	DET
ཀྱིས་	གིས་	PART
ཉེར་ཞི་	ཉེར་ཞི་	NO_POS
ར་	ལ་	PART
འཁྲིད་	འཁྲིད་	NO_POS
མཛད་	མཛད་	VERB
གང་ཡིན་	གང་ཡིན་	NO_POS
དང་	དང་	NO_POS
།།		PUNCT
འགྲོ་	འགྲོ་	VERB
ལ་	ལ་	PART
ཕན་པ་	ཕན་པ་	VERB
ར་	ལ་	PART
བྱེད་	བྱེད་	VERB
རྣམས་	རྣམས་	DET
ལམ་ཤེས་	ལམ་ཤེས་	NO_POS
ཉིད་	ཉིད་	DET
ཀྱིས་	གིས་	PART
འཇིག་རྟེན་	འཇིག་རྟེན་	NOUN
དོན་	དོན་	NOUN
སྒྲུབ་	སྒྲུབ་	VERB
མཛད་པ་	མཛད་པ་	VERB
གང་	གང་	NO_POS
།།		PUNCT
གང་	གང་	NO_POS
དང་	དང་	NO_POS
ཡང་དག་	ཡང་དག་	ADJ
ལྡན་པ་	ལྡན་པ་	VERB
ས་	གིས་	PART
ཐུབ་	ཐུབ་	VERB
རྣམས་	རྣམས་	DET
རྣམ་པ་	རྣམ་པ་	NOUN
ཀུན་ལྡན་	ཀུན་ལྡན་	NO_POS
སྣ་ཚོགས་	སྣ་ཚོགས་	DET
འདི་	འདི་	DET
གསུངས་པ་	གསུངས་པ་	VERB
།།		PUNCT
ཉན་ཐོས་	ཉན་ཐོས་	NOUN
བྱང་ཆུབ་	བྱང་ཆུབ་	NOUN
སེམས་དཔ་	སེམས་དཔའ་	NOUN
འི་	གི་	PART
ཚོཌ་		NON_WORD
བཅའ་	བཅའ་	VERB
སངས་རྒྱས་	སངས་རྒྱས་	NOUN
ཀྱི་	གི་	PART
ནི་	ནི་	NO_POS
ཡུམ་	ཡུམ་	NOUN
དེ་	སྟེ་	PART
ལ་	ལ་	PART
ཕྱག་	ཕྱག་	NOUN
འཚལ་	འཚལ་	VERB
།།		PUNCT
		
ཞེས་་	ཞེས་པ་	PART
འོ་	གོ་	PART
།།		PUNCT
གཉིས་པ་	གཉིས་པ་	NUM
དགོས་འབྲེལ་	དགོས་འབྲེལ་	NO_POS
དགོས་པ་	དགོས་པ་	VERB
ལ་	ལ་	PART
བཞི་	བཞི་	NUM
།		PUNCT
བརྗོད་བྱ་	བརྗོད་བྱ་	NOUN
དང་	དང་	NO_POS
།		PUNCT
འབྲེལ་བ་	འབྲེལ་བ་	VERB
དང་	དང་	NO_POS
།		PUNCT
དགོས་པ་	དགོས་པ་	VERB
དང་	དང་	NO_POS
།		PUNCT
ཉིང་དགོས་	ཉིང་དགོས་	NO_POS
སོ་	གོ་	PART
། །		PUNCT
དང་པོ་	དང་པོ་	ADJ
བརྗོད་བྱ་	བརྗོད་བྱ་	NOUN
ནི་	ནི་	NO_POS
།		PUNCT
རྣམ་པ་	རྣམ་པ་	NOUN
ཐམས་ཅད་	ཐམས་ཅད་	DET
མཁྱེན་	མཁྱེན་	VERB
ཉིད་	ཉིད་	DET
ལམ་	གམ་	PART
།།		PUNCT
ཞེ་	ཅེས་	PART
སོ་	གོ་	PART
།།		PUNCT
གཉིས་པ་	གཉིས་པ་	NUM
འབྲེལ་བ་	འབྲེལ་བ་	VERB
ནི་	ནི་	NO_POS
།		PUNCT
སྟོན་པ་	སྟོན་པ་	NOUN
ས་	གིས་	PART
འདི་	འདི་	DET
རྣམས་	རྣམས་	DET
བཤད་པ་	བཤད་པ་	VERB
གང་	གང་	NO_POS
།།		PUNCT
གཞན་	གཞན་	DET
གྱིས་	གིས་	PART
མྱོང་བ་	མྱོང་བ་	VERB
མ་	མ་	PART
ཡིན་	ཡིན་	NO_POS
ཏེ་	སྟེ་	PART
།།		PUNCT
ཆོས་སྤྱོད་	ཆོས་སྤྱོད་	NOUN
བཅུ་	བཅུ་	NUM
ཡི་	གི་	PART
བདག་ཉིད་	བདག་ཉིད་	NOUN
ཀྱི་	གི་	PART
།།		PUNCT
		
མདོ་དོན་	མདོ་དོན་	NOUN
དྲན་པ་	དྲན་པ་	VERB
ལ་	ལ་	PART
བཞག་	བཞག་	VERB
ན་	ནས་	PART
།།		PUNCT
ཞེ་	ཅེས་	PART
སོ་	གོ་	PART
།།		PUNCT
གསུམ་པ་	གསུམ་པ་	NUM
དགོས་པ་	དགོས་པ་	VERB
ནི་	ནི་	NO_POS
།		PUNCT
བློ་	བློ་	NOUN
དང་	དང་	NO_POS
ལྡན་པ་	ལྡན་པ་	VERB
ས་	གིས་	PART
མཐོང་	མཐོང་	VERB
འགྱུར་	འགྱུར་	VERB
ཕྱི་	ཕྱི་	OTHER
།།		PUNCT
ཞེ་	ཅེས་	PART
སོ་	གོ་	PART
།།		PUNCT
བཞི་པ་	བཞི་པ་	ADJ
ཉིང་དགོས་	ཉིང་དགོས་	NO_POS
ནི་	ནི་	NO_POS
།		PUNCT
བདེ་བླག་	བདེ་བླག་	ADJ
ཏུ་	ལ་	PART
ནི་	ནི་	NO_POS
རྟོགས་པ་	རྟོགས་པ་	VERB
ཞེ་	ཅེས་	PART
།།		PUNCT
བྱ་བ་	བྱ་བ་	VERB
རྩམ་པ་	རྩམ་པ་	NOUN
འི་	གི་	PART
དགོས་པ་	དགོས་པ་	VERB
ཡིན་	ཡིན་	NO_POS
།།		PUNCT
		
ཞེས་་	ཞེས་པ་	PART
འོ་	གོ་	PART
།།		PUNCT
གཉིས་པ་	གཉིས་པ་	NUM
གཞུང་	གཞུང་	NOUN
གི་	གི་	PART
དོན་	དོན་	NOUN
ལ་	ལ་	PART
གཉིས་	གཉིས་	NUM
ཏེ་	སྟེ་	PART
།		PUNCT
མདོ་	མདོ་	NOUN
ར་	ལ་	PART
བསྟན་	བསྟན་	VERB
ལུས་	ལུས་	NOUN
རྣམ་གཞག་	རྣམ་གཞག་	NOUN
དང་	དང་	NO_POS
།		PUNCT
རྒྱས་པ་	རྒྱས་པ་	VERB
ར་	ལ་	PART
བཤད་པ་	བཤད་པ་	VERB
འོ་	གོ་	PART
། །		PUNCT
དང་པོ་	དང་པོ་	ADJ
མདོ་	མདོ་	NOUN
ར་	ལ་	PART
བསྟན་	བསྟན་	VERB
ལུས་	ལུས་	NOUN
རྣམ་	རྣམ་	NOUN
བཞག་	བཞག་	VERB
ལ་	ལ་	PART
གཉིས་	གཉིས་	NUM
།		PUNCT
མདོ་	མདོ་	NOUN
ར་	ལ་	PART
བསྟན་	བསྟན་	VERB
སྐབས་	སྐབས་	NOUN
བརྒྱད་	བརྒྱད་	NUM
དང་	དང་	NO_POS
།		PUNCT
རྒྱས་བཤད་	རྒྱས་བཤད་	NOUN
དོན་	དོན་	NOUN
བདུན་ཅུ་	བདུན་ཅུ་	NO_POS
འི་	གི་	PART
མིང་	མིང་	NOUN
བསྟན་པ་	བསྟན་པ་	VERB
འོ་	གོ་	PART
། །		PUNCT
དང་པོ་	དང་པོ་	ADJ
མདོ་	མདོ་	NOUN
ར་	ལ་	PART
བསྟན་	བསྟན་	VERB
སྐབས་	སྐབས་	NOUN
བརྒྱད་	བརྒྱད་	NUM
ནི་	ནི་	NO_POS
།		PUNCT
ཤེས་རབ་	ཤེས་རབ་	NOUN
ཕ་རོལ་	ཕ་རོལ་	NOUN
ཕྱིན་པ་	ཕྱིན་པ་	VERB
ནི་	ནི་	NO_POS
།།		PUNCT
དངོས་པོ་	དངོས་པོ་	NOUN
བརྒྱད་	བརྒྱད་	NUM
ཀྱིས་	གིས་	PART
ཡང་དག་	ཡང་དག་	ADJ
བཤད་	བཤད་	VERB
།།		PUNCT
རྣམ་ཀུན་	རྣམ་ཀུན་	NO_POS
མཁྱེན་	མཁྱེན་	VERB
ཉིད་	ཉིད་	DET
ལམ་ཤེས་	ལམ་ཤེས་	NO_POS
ཉིད་	ཉིད་	DET
།།		PUNCT
དེ་ནས་	དེ་ནས་	NO_POS
ཐམས་ཅད་	ཐམས་ཅད་	DET
ཤེས་པ་	ཤེས་པ་	VERB
ཉིད་	ཉིད་	DET
།།		PUNCT
		
རྣམ་ཀུན་	རྣམ་ཀུན་	NO_POS
མངོན་	མངོན་	VERB
རྫོགས་	རྫོགས་	VERB
རྟོགས་པ་	རྟོགས་པ་	VERB
དང་	དང་	NO_POS
།།		PUNCT
རྩེ་མོ་	རྩེ་མོ་	NOUN
ར་	ལ་	PART
ཕྱིན་	ཕྱིན་	VERB
དང་	དང་	NO_POS
མཐར་གྱིས་པ་	མཐར་གྱིས་པ་	NO_POS
།།		PUNCT
སྐད་ཅིག་	སྐད་ཅིག་	OTHER
གཅིག་	གཅིག་	NUM
མངོན་	མངོན་	VERB
རྫོཌ་		NON_WORD
བྱང་ཆུབ་	བྱང་ཆུབ་	NOUN
།།		PUNCT
ཆོ་	ཆོ་	NOUN
ཀྱི་	གི་	PART
སྐུ་	སྐུ་	NOUN
དང་	དང་	NO_POS
དེ་	སྟེ་	PART
རྣམ་	རྣམ་	NOUN
བརྒྱད་	བརྒྱད་	NUM
།།		PUNCT
		
ཅེས་	ཅེས་	PART
སོ་	གོ་	PART
།།		PUNCT
གཉིས་པ་	གཉིས་པ་	NUM
རྒྱས་བཤད་	རྒྱས་བཤད་	NOUN
དོན་	དོན་	NOUN
བདུན་ཅུ་	བདུན་ཅུ་	NO_POS
འི་	གི་	PART
མིང་	མིང་	NOUN
བསྟན་པ་	བསྟན་པ་	VERB
ལ་	ལ་	PART
བརྒྱད་	བརྒྱད་	NUM
དེ་	སྟེ་	PART
།		PUNCT
རྣམ་མཁྱེན་	རྣམ་མཁྱེན་	NOUN
།		PUNCT
ལམ་ཤེས་	ལམ་ཤེས་	NO_POS
།		PUNCT
གཞི་ཤེས་	གཞི་ཤེས་	NO_POS
།		PUNCT
རྣམ་ཀུན་	རྣམ་ཀུན་	NO_POS
།		PUNCT
རྩེ་མོ་	རྩེ་མོ་	NOUN
།		PUNCT
མཐར་གྱིས་པ་	མཐར་གྱིས་པ་	NO_POS
།		PUNCT
སྐད་ཅིག་མ་	སྐད་ཅིག་མ་	ADJ
།		PUNCT
ཆོས་སྐུ་	ཆོས་སྐུ་	NOUN
རྣམ་དབྱེ་	རྣམ་དབྱེ་	OTHER
དང་	དང་	NO_POS
བཅས་པ་	བཅས་པ་	VERB
འོ་	གོ་	PART
། །		PUNCT
དང་པོ་	དང་པོ་	ADJ
རྣམ་མཁྱེན་	རྣམ་མཁྱེན་	NOUN
ནི་	ནི་	NO_POS
།		PUNCT
སེམས་བསྐྱེད་པ་	སེམས་བསྐྱེད་པ་	NOUN
དང་	དང་	NO_POS
གདམས་ངག་	གདམས་ངག་	NOUN
དང་	དང་	NO_POS
།།		PUNCT
ངེས་འབྱེད་	ངེས་འབྱེད་	NO_POS
ཡན་ལག་	ཡན་ལག་	NOUN
རྣམ་	རྣམ་	NOUN
བཞི་	བཞི་	NUM
དང་	དང་	NO_POS
།།		PUNCT
སྒྲུབ་པ་	སྒྲུབ་པ་	VERB
ཡི་	གི་	PART
ནི་	ནི་	NO_POS
རྟེན་	རྟེན་	NOUN
གྱུར་པ་	གྱུར་པ་	VERB
།།		PUNCT
ཆོ་	ཆོ་	NOUN
ཀྱི་	གི་	PART
དབྱིངས་	དབྱིངས་	NOUN
ཀྱི་	གི་	PART
རང་བཞིན་	རང་བཞིན་	NOUN
དང་	དང་	NO_POS
།།		PUNCT
		
དམིགས་པ་	དམིགས་པ་	VERB
དག་	དག་	DET
དང་	དང་	NO_POS
ཆེད་	ཆེད་	NOUN
དང་	དང་	NO_POS
ནི་	ནི་	NO_POS
།།		PUNCT
གོ་ཆ་	གོ་ཆ་	NOUN
འཇུག་པ་	འཇུག་པ་	VERB
འི་	གི་	PART
བྱ་བ་	བྱ་བ་	VERB
དང་	དང་	NO_POS
།།		PUNCT
ཚོགས་	ཚོགས་	NOUN
ནི་	ནི་	NO_POS
ངེས་པ་		
འབྱུང་	འབྱུང་	VERB
བཅའ་	བཅའ་	VERB
རྣམས་	རྣམས་	DET
།།		PUNCT
ཐུབ་པ་	ཐུབ་པ་	VERB
འི་	གི་	PART
རྣམ་ཀུན་	རྣམ་ཀུན་	NO_POS
མཁྱེན་པ་	མཁྱེན་པ་	VERB
ཉིད་	ཉིད་	DET
།།		PUNCT
		
ཅེས་	ཅེས་	PART
སོ་	གོ་	PART
།།		PUNCT
གཉིས་པ་	གཉིས་པ་	NUM
ལམ་ཤེས་	ལམ་ཤེས་	NO_POS
ནི་	ནི་	NO_POS
།		PUNCT
མོག་མོག་པོ་	མོག་མོག་པོ་	NOUN
ར་	ལ་	PART
བྱེད་	བྱེད་	VERB
ལ་སོགས་	ལ་སོགས་	NO_POS
དང་	དང་	NO_POS
།།		PUNCT
སློབ་མ་	སློབ་མ་	NOUN
བསེ་རུ་	བསེ་རུ་	NOUN
འི་	གི་	PART
ལམ་	གམ་	PART
གང་	གང་	NO_POS
དང་	དང་	NO_POS
།།		PUNCT
འདི་	འདི་	DET
དང་	དང་	NO_POS
གཞན་པ་	གཞན་པ་	DET
འི་	གི་	PART
ཡོན་ཏན་	ཡོན་ཏན་	NOUN
གྱིས་	གིས་	PART
།།		PUNCT
ཕན་ཡོན་	ཕན་ཡོན་	NOUN
ཆེ་བ་	ཆེ་བ་	VERB
མཐོང་བ་	མཐོང་བ་	VERB
འི་	གི་	PART
ལམ་	གམ་	PART
།།		PUNCT
		
བྱེད་པ་	བྱེད་པ་	VERB
དང་	དང་	NO_POS
ནི་	ནི་	NO_POS
མོས་པ་	མོས་པ་	VERB
དང་	དང་	NO_POS
།།		PUNCT
བསྟོད་	བསྟོད་	VERB
དང་	དང་	NO_POS
བཀུར་	བཀུར་	VERB
དང་	དང་	NO_POS
བསྔགས་པ་	བསྔགས་པ་	VERB
དང་	དང་	NO_POS
།།		PUNCT
བསྔོ་	བསྔོ་	VERB
དང་	དང་	NO_POS
རྗེས་སུ་	རྗེས་སུ་	OTHER
ཡི་	གི་	PART
རང་བ་	རང་བ་	VERB
།།		PUNCT
ཡིད་	ཡིད་	NOUN
ལ་	ལ་	PART
བྱེད་པ་	བྱེད་པ་	VERB
བླ་མེད་	བླ་མེད་	ADJ
དག་	དག་	DET
།		PUNCT
		
སྒྲུབ་	སྒྲུབ་	VERB
དང་	དང་	NO_POS
ཤིན་ཏུ་	ཤིན་ཏུ་	NO_POS
དག་པ་	དག་པ་	VERB
ཞེ་	ཅེས་	PART
།།		PUNCT
བྱ་བ་	བྱ་བ་	VERB
འདི་	འདི་	DET
ནི་	ནི་	NO_POS
སྒོམ་པ་	སྒོམ་པ་	VERB
འི་	གི་	PART
ལམ་	གམ་	PART
།།		PUNCT
བྱང་ཆུབ་	བྱང་ཆུབ་	NOUN
སེམས་དཔའ་	སེམས་དཔའ་	NOUN
མཁའ་	མཁའ་	VERB
རྣམས་	རྣམས་	DET
ཀྱི་	གི་	PART
།།		PUNCT
ལམ་ཤེས་	ལམ་ཤེས་	NO_POS
ཉིད་	ཉིད་	DET
ནི་	ནི་	NO_POS
དེ་	སྟེ་	PART
འདྲ་	འདྲ་	VERB
ར་	ལ་	PART
བཤད་	བཤད་	VERB
།།		PUNCT
		
ཅེས་	ཅེས་	PART
སོ་	གོ་	PART
།།		PUNCT
གསུམ་པ་	གསུམ་པ་	NUM
གཞི་ཤེས་	གཞི་ཤེས་	NO_POS
ནི་	ནི་	NO_POS
།		PUNCT
ཤེས་པ་	ཤེས་པ་	VERB
ས་	གིས་	PART
སྲིད་	སྲིད་	NOUN
ལ་	ལ་	PART
མི་	མི་	PART
གནས་	གནས་	NOUN
ཤིང་	ཅིང་	PART
།།		PUNCT
སྙིང་རྗེ་	སྙིང་རྗེ་	NOUN
ས་	གིས་	PART
ཞི་	ཞི་	VERB
ལ་	ལ་	PART
མི་	མི་	PART
གནས་	གནས་	NOUN
དང་	དང་	NO_POS
།།		PUNCT
ཐབས་	ཐབས་	NOUN
མ་ཡིན་པ་	མ་ཡིན་པ་	OTHER
ས་	གིས་	PART
རིང་བ་	རིང་བ་	VERB
དང་	དང་	NO_POS
།།		PUNCT
ཐབས་	ཐབས་	NOUN
ཀྱིས་	གིས་	PART
རིང་བ་	རིང་བ་	VERB
མ་	མ་	PART
ཡིན་	ཡིན་	NO_POS
ཉིད་	ཉིད་	DET
།།		PUNCT
		
མི་	མི་	PART
མཐུན་	མཐུན་	VERB
གཉེན་པོ་	གཉེན་པོ་	NOUN
འི་	གི་	PART
ཕྱོགས་	ཕྱོགས་	NOUN
དག་	དག་	DET
དང་	དང་	NO_POS
།།		PUNCT
སྦྱོར་	སྦྱོར་	VERB
དང་	དང་	NO_POS
དེ་	སྟེ་	PART
ཡི་	གི་	PART
མཉམ་ཉིད་	མཉམ་ཉིད་	NOUN
དང་	དང་	NO_POS
།།		PUNCT
ཉན་ཐོས་	ཉན་ཐོས་	NOUN
ལ་སོགས་	ལ་སོགས་	NO_POS
མཐོང་བ་	མཐོང་བ་	VERB
འི་	གི་	PART
ལམ་	གམ་	PART
།།		PUNCT
དེ་	སྟེ་	PART
འདྲ་	འདྲ་	VERB
ཀུན་ཤེས་	ཀུན་ཤེས་	PROPN
ཉིད་	ཉིད་	DET
དུ་	ལ་	PART
འདོད་	འདོད་	VERB
།།		PUNCT
		
ཅེས་	ཅེས་	PART
སོ་	གོ་	PART
།།		PUNCT
བཞི་པ་	བཞི་པ་	ADJ
རྣམ་ཀུན་	རྣམ་ཀུན་	NO_POS
ནི་	ནི་	NO_POS
།		PUNCT
རྣམ་པ་	རྣམ་པ་	NOUN
སྦྱོར་བ་	སྦྱོར་བ་	VERB
ར་	ལ་	PART
བཅའ་	བཅའ་	VERB
རྣམས་	རྣམས་	DET
དང་	དང་	NO_POS
།།		PUNCT
ཡོན་ཏན་	ཡོན་ཏན་	NOUN
སྐྱོན་	སྐྱོན་	NOUN
ནི་	ནི་	NO_POS
མཚན་ཉིད་	མཚན་ཉིད་	NOUN
བཅའ་	བཅའ་	VERB
།།		PUNCT
ཐ་	ཐ་	VERB
དང་	དང་	NO_POS
ངེས་འབྱེད་	ངེས་འབྱེད་	NO_POS
ཆ་	ཆ་	NOUN
མཐུན་	མཐུན་	VERB
དང་	དང་	NO_POS
།།		PUNCT
སློབ་པ་	སློབ་པ་	VERB
ཕྱི་	ཕྱི་	OTHER
མི་	མི་	PART
ལྡོག་པ་	ལྡོག་པ་	VERB
འི་	གི་	PART
ཚོགས་	ཚོགས་	NOUN
།།		PUNCT
		
སྲིད་	སྲིད་	NOUN
དང་	དང་	NO_POS
ཞི་བ་	ཞི་བ་	VERB
མཉམ་ཉིད་	མཉམ་ཉིད་	NOUN
དང་	དང་	NO_POS
།།		PUNCT
ཞིང་	ཅིང་	PART
དག་	དག་	DET
བླ་	བླ་	NOUN
ན་	ལ་	PART
མེད་པ་	མེད་པ་	VERB
ནི་	ནི་	NO_POS
།།		PUNCT
རྣམ་ཀུན་	རྣམ་ཀུན་	NO_POS
མངོན་	མངོན་	VERB
རྫོགས་	རྫོགས་	VERB
རྟོགས་པ་	རྟོགས་པ་	VERB
སྟེ་	སྟེ་	PART
།།		PUNCT
འདི་	འདི་	DET
ནི་	ནི་	NO_POS
ཐབས་མཁས་	ཐབས་མཁས་	NO_POS
བཅས་པ་	བཅས་པ་	VERB
ཡིན་	ཡིན་	NO_POS
།།		PUNCT
		
ཅེས་	ཅེས་	PART
སོ་	གོ་	PART
།།		PUNCT
ལྔ་པ་	ལྔ་པ་	NUM
རྩེ་མོ་	རྩེ་མོ་	NOUN
ནི་	ནི་	NO_POS
།		PUNCT
དེ་	སྟེ་	PART
ཡི་	གི་	PART
རྟགས་	རྟགས་	NOUN
དང་	དང་	NO_POS
རྣམ་	རྣམ་	NOUN
འཕེལ་	འཕེལ་	VERB
དང་	དང་	NO_POS
།།		PUNCT
བརྟན་	བརྟན་	VERB
དང་སེམས་	དང་སེམས་	NO_POS
ཀུན་	ཀུན་	DET
གནས་པ་	གནས་པ་	VERB
དང་	དང་	NO_POS
།།		PUNCT
མཐོང་	མཐོང་	VERB
ཞེ་	ཅེས་	PART
བྱ་	བྱ་	VERB
དང་	དང་	NO_POS
སྒོམ་པ་	སྒོམ་པ་	VERB
ཞེ་	ཅེས་	PART
།།		PUNCT
བྱ་བ་	བྱ་བ་	VERB
འི་	གི་	PART
ལམ་	གམ་	PART
ནི་	ནི་	NO_POS
སོ་སོ་	སོ་སོ་	PRON
ལ་	ལ་	PART
།།		PUNCT
		
རྣམ་པ་	རྣམ་པ་	NOUN
ར་	ལ་	PART
རྟོག་པ་	རྟོག་པ་	VERB
རྣམ་	རྣམ་	NOUN
བཞི་	བཞི་	NUM
ཡི་	གི་	PART
།།		PUNCT
གཉེན་པོ་	གཉེན་པོ་	NOUN
རྣམ་པ་	རྣམ་པ་	NOUN
བཞི་	བཞི་	NUM
དང་	དང་	NO_POS
ནི་	ནི་	NO_POS
།།		PUNCT
བར་ཆད་	བར་ཆད་	NOUN
མེད་པ་	མེད་པ་	VERB
འི་	གི་	PART
ཏིང་ངེ་འཛིན་	ཏིང་ངེ་འཛིན་	NOUN
།།		PUNCT
ལོག་པ་	ལོག་པ་	VERB
ར་	ལ་	PART
སྒྲུབ་	སྒྲུབ་	VERB
དང་	དང་	NO_POS
བཅས་པ་	བཅས་པ་	VERB
ནི་	ནི་	NO_POS
།།		PUNCT
		
རྩེ་མོ་	རྩེ་མོ་	NOUN
འི་	གི་	PART
མངོན་རྟོགས་	མངོན་རྟོགས་	NOUN
ཞེ་	ཅེས་	PART
སོ་	གོ་	PART
།།		PUNCT
དྲུག་པ་	དྲུག་པ་	NUM
མཐར་གྱིས་པ་	མཐར་གྱིས་པ་	NO_POS
ནི་	ནི་	NO_POS
། ་་་་་་་་་་་་་་་་་་་་་་་་་་་་་་་་་་་་		PUNCT
མཐར་གྱིས་པ་	མཐར་གྱིས་པ་	NO_POS
།།		PUNCT
རྣམ་	རྣམ་	NOUN
གསུམ་	གསུམ་	NUM
རྣམ་	རྣམ་	NOUN
བཅུ་	བཅུ་	NUM
ཞེ་	ཅེས་	PART
སོ་	གོ་	PART
།།		PUNCT
བདུན་པ་	བདུན་པ་	NUM
སྐད་ཅིག་མ་	སྐད་ཅིག་མ་	ADJ
ནི་	ནི་	NO_POS
། ་་་་་་་་་་་་་་་་་་་་་་་་་་་་་་་་་་་་་་་་་་་་་་་		PUNCT
སྐད་ཅིག་མ་	སྐད་ཅིག་མ་	ADJ
།།		PUNCT
གཅིག་	གཅིག་	NUM
གིས་	གིས་	PART
མངོན་	མངོན་	VERB
རྫོགས་	རྫོགས་	VERB
བྱང་ཆུབ་པ་	བྱང་ཆུབ་པ་	NOUN
།།		PUNCT
མཚན་ཉིད་	མཚན་ཉིད་	NOUN
ཀྱིས་	གིས་	PART
ནི་	ནི་	NO_POS
རྣམ་པ་	རྣམ་པ་	NOUN
བཞི་	བཞི་	NUM
།།		PUNCT
		
ཞེ་	ཅེས་	PART
སོ་	གོ་	PART
།།		PUNCT
བརྒྱད་པ་	བརྒྱད་པ་	NUM
ཆོས་སྐུ་	ཆོས་སྐུ་	NOUN
རྣམ་དབྱེ་	རྣམ་དབྱེ་	OTHER
དང་	དང་	NO_POS
བཅས་པ་	བཅས་པ་	VERB
ནི་	ནི་	NO_POS
།		PUNCT
ངོ་བོ་	ངོ་བོ་	NOUN
ཉིད་	ཉིད་	DET
ལོངས་	ལོངས་	VERB
རྫོགས་	རྫོགས་	VERB
བཅའ་	བཅའ་	VERB
དང་	དང་	NO_POS
།།		PUNCT
དེ་བཞིན་	དེ་བཞིན་	OTHER
གཞན་པ་	གཞན་པ་	DET
སྤྲུལ་པ་	སྤྲུལ་པ་	VERB
ནི་	ནི་	NO_POS
།།		PUNCT
ཆོས་སྐུ་	ཆོས་སྐུ་	NOUN
མཛད་པ་	མཛད་པ་	VERB
དང་	དང་	NO_POS
བཅས་པ་	བཅས་པ་	VERB
།།		PUNCT
རྣམ་པ་	རྣམ་པ་	NOUN
བཞི་	བཞི་	NUM
ར་	ལ་	PART
ནི་	ནི་	NO_POS
ཡང་དག་	ཡང་དག་	ADJ
བརྗོད་	བརྗོད་	VERB
།།		PUNCT
		
ཅེས་	ཅེས་	PART
སོ་	གོ་	PART
།།		PUNCT
གཉིས་པ་	གཉིས་པ་	NUM
རྒྱས་པ་	རྒྱས་པ་	VERB
ར་	ལ་	PART
བཤད་པ་	བཤད་པ་	VERB
ལ་	ལ་	PART
གསུམ་	གསུམ་	NUM
།		PUNCT
ཡུལ་	ཡུལ་	NOUN
མཁྱེན་པ་	མཁྱེན་པ་	VERB
གསུམ་	གསུམ་	NUM
།		PUNCT
ཐབས་	ཐབས་	NOUN
སྦྱོར་བ་	སྦྱོར་བ་	VERB
བཞི་	བཞི་	NUM
།		PUNCT
འབྲས་བུ་	འབྲས་བུ་	NOUN
ཆོས་སྐུ་	ཆོས་སྐུ་	NOUN
འོ་	གོ་	PART
། །		PUNCT
དང་པོ་	དང་པོ་	ADJ
ཡུལ་	ཡུལ་	NOUN
མཁྱེན་	མཁྱེན་	VERB
གསུམ་	གསུམ་	NUM
ལ་	ལ་	PART
གསུམ་	གསུམ་	NUM
སྟེ་	སྟེ་	PART
།		PUNCT
འབྲས་བུ་	འབྲས་བུ་	NOUN
རྣམ་མཁྱེན་	རྣམ་མཁྱེན་	NOUN
བཤད་པ་	བཤད་པ་	VERB
།		PUNCT
ལམ་	གམ་	PART
གྱི་	གི་	PART
གཞི་	གཞི་	NOUN
ལམ་ཤེས་	ལམ་ཤེས་	NO_POS
།		PUNCT
ལམ་	གམ་	PART
གྱི་	གི་	PART
ཡན་ལག་	ཡན་ལག་	NOUN
གོལ་ས་	གོལ་ས་	VERB
དང་	དང་	NO_POS
བཅས་པ་	བཅས་པ་	VERB
འི་	གི་	PART
གཞི་ཤེས་	གཞི་ཤེས་	NO_POS
བཤད་པ་	བཤད་པ་	VERB
འོ་	གོ་	PART
།།		PUNCT
དང་པོ་	དང་པོ་	ADJ
རྣམ་མཁྱེན་	རྣམ་མཁྱེན་	NOUN
ལ་	ལ་	PART
བདུན་	བདུན་	NUM
ཏེ་	སྟེ་	PART
།		PUNCT
སེམས་བསྐྱེད་པ་	སེམས་བསྐྱེད་པ་	NOUN
དང་	དང་	NO_POS
།		PUNCT
གདམས་ངག་	གདམས་ངག་	NOUN
དང་	དང་	NO_POS
།		PUNCT
ངེས་འབྱེད་	ངེས་འབྱེད་	NO_POS
སྦྱོར་ལམ་	སྦྱོར་ལམ་	NOUN
དང་	དང་	NO_POS
།		PUNCT
བསྒྲུབ་པ་	བསྒྲུབ་པ་	VERB
འི་	གི་	PART
རྟེན་	རྟེན་	NOUN
རིགས་	རིགས་	NOUN
འགལ་	འགལ་	VERB
དང་	དང་	NO_POS
བཅས་པ་	བཅས་པ་	VERB
དང་	དང་	NO_POS
།		PUNCT
བསྒྲུབ་པ་	བསྒྲུབ་པ་	VERB
འི་	གི་	PART
དམིགས་པ་	དམིགས་པ་	VERB
བཅུ་གཅིག་	བཅུ་གཅིག་	NO_POS
།		PUNCT
ཆེད་	ཆེད་	NOUN
དུ་	ལ་	PART
བྱ་བ་	བྱ་བ་	VERB
།		PUNCT
བསྒྲུབ་པ་	བསྒྲུབ་པ་	VERB
འི་	གི་	PART
ངོ་བོ་	ངོ་བོ་	NOUN
འོ་	གོ་	PART
།།		PUNCT
དང་པོ་	དང་པོ་	ADJ
སེམས་བསྐྱེད་	སེམས་བསྐྱེད་	NOUN
ལ་	ལ་	PART
གསུམ་	གསུམ་	NUM
སྟེ་	སྟེ་	PART
།		PUNCT
སེམས་བསྐྱེད་	སེམས་བསྐྱེད་	NOUN
ཀྱི་	གི་	PART
ངོ་བོ་	ངོ་བོ་	NOUN
།		PUNCT
མདོ་	མདོ་	NOUN
དང་	དང་	NO_POS
སྦྱར་བ་	སྦྱར་བ་	VERB
།		PUNCT
ས་མཚམས་	ས་མཚམས་	NOUN
དབྱེ་བ་	དབྱེ་བ་	VERB
འོ་	གོ་	PART
། །		PUNCT
དང་པོ་	དང་པོ་	ADJ
སེམས་བསྐྱེད་	སེམས་བསྐྱེད་	NOUN
ཀྱི་	གི་	PART
ངོ་བོ་	ངོ་བོ་	NOUN
ནི་	ནི་	NO_POS
།		PUNCT
སེམས་བསྐྱེད་པ་	སེམས་བསྐྱེད་པ་	NOUN
ནི་	ནི་	NO_POS
གཞན་དོན་	གཞན་དོན་	NOUN
ཕྱི་	ཕྱི་	OTHER
།།		PUNCT
ཡང་དག་	ཡང་དག་	ADJ
རྫོགས་པ་	རྫོགས་པ་	VERB
འི་	གི་	PART
བྱང་ཆུབ་	བྱང་ཆུབ་	NOUN
འདོད་	འདོད་	VERB
།།		PUNCT
ཅེས་	ཅེས་	PART
སོ་	གོ་	PART
།།		PUNCT
གཉིས་པ་	གཉིས་པ་	NUM
མདོ་	མདོ་	NOUN
དང་	དང་	NO_POS
སྦྱར་བ་	སྦྱར་བ་	VERB
ནི་	ནི་	NO_POS
།		PUNCT
དེ་	སྟེ་	PART
དང་	དང་	NO_POS
དེ་	སྟེ་	PART
ནི་	ནི་	NO_POS
མདོ་	མདོ་	NOUN
བཞིན་	བཞིན་	NOUN
དུ་	ལ་	PART
།།		PUNCT
བསྡུ་	བསྡུ་	VERB
དང་	དང་	NO_POS
རྒྱས་པ་	རྒྱས་པ་	VERB
འི་	གི་	PART
སྒོ་	སྒོ་	NOUN
ན་	ནས་	PART
བརྗོད་	བརྗོད་	VERB
།།		PUNCT
		
ཅེས་	ཅེས་	PART
སོ་	གོ་	PART
།།		PUNCT
གསུམ་པ་	གསུམ་པ་	NUM
ས་མཚམས་	ས་མཚམས་	NOUN
དབྱེ་བ་	དབྱེ་བ་	VERB
ནི་	ནི་	NO_POS
།		PUNCT
དེ་ཡང་	དེ་ཡང་	ADV
ས་	ས་	ADP
གསེར་	གསེར་	NOUN
ཟླ་བ་	ཟླ་བ་	NOUN
མེ་	མེ་	NOUN
།།		PUNCT
གཏེར་	གཏེར་	NOUN
དང་	དང་	NO_POS
རིན་ཆེན་	རིན་ཆེན་	OTHER
འབྱུང་གནས་	འབྱུང་གནས་	NOUN
མཚོ་	མཚོ་	NOUN
།།		PUNCT
རྡོ་རྗེ་	རྡོ་རྗེ་	NOUN
རི་སྨན་	རི་སྨན་	NO_POS
བཤེས་གཉེན་	བཤེས་གཉེན་	NOUN
དང་	དང་	NO_POS
།།		PUNCT
ཡིད་བཞིན་	ཡིད་བཞིན་	OTHER
ནོར་བུ་	ནོར་བུ་	NOUN
ཉི་མ་	ཉི་མ་	NOUN
གླུ་	གླུ་	NOUN
།།		PUNCT
		
རྒྱལ་པོ་	རྒྱལ་པོ་	NOUN
མཛོད་	མཛོད་	NOUN
དང་	དང་	NO_POS
ལམ་པོ་ཆེ་	ལམ་པོ་ཆེ་	NOUN
།།		PUNCT
བཞོན་པ་	བཞོན་པ་	VERB
བཀོད་མ་	བཀོད་མ་	NOUN
འི་	གི་	PART
ཆུ་	ཆུ་	NOUN
དང་	དང་	NO_POS
ནི་	ནི་	NO_POS
།།		PUNCT
སྒྲ་བརྙན་	སྒྲ་བརྙན་	NO_POS
ཆུ་བོ་	ཆུ་བོ་	NOUN
སྤྲིན་	སྤྲིན་	NOUN
རྣམས་	རྣམས་	DET
ཀྱིས་	གིས་	PART
།།		PUNCT
རྣམ་པ་	རྣམ་པ་	NOUN
ཉི་ཤུ་རྩ་གཉིས་	ཉི་ཤུ་རྩ་གཉིས་	NO_POS
སོ་	གོ་	PART
།།		PUNCT
		
ཞེ་	ཅེས་	PART
སོ་	གོ་	PART
།།		PUNCT
གཉིས་པ་	གཉིས་པ་	NUM
གདམས་ངག་	གདམས་ངག་	NOUN
ལ་	ལ་	PART
བརྒྱད་	བརྒྱད་	NUM
དེ་	སྟེ་	PART
།		PUNCT
བསྒྲུབ་པ་	བསྒྲུབ་པ་	VERB
འི་	གི་	PART
ངོ་བོ་	ངོ་བོ་	NOUN
།		PUNCT
དམིགས་པ་	དམིགས་པ་	VERB
འི་	གི་	PART
ཡུལ་	ཡུལ་	NOUN
།		PUNCT
རྟེན་	རྟེན་	NOUN
།		PUNCT
མི་	མི་	PART
མཐུན་	མཐུན་	VERB
ཕྱོགས་	ཕྱོགས་	NOUN
སྤང་བ་	སྤང་བ་	VERB
འི་	གི་	PART
རྒྱུ་གསུམ་	རྒྱུ་གསུམ་	NO_POS
།		PUNCT
དྲིང་	དྲིང་	NOUN
མི་	མི་	PART
འཇོག་པ་	འཇོག་པ་	VERB
སྤྱན་	སྤྱན་	NOUN
ལྔ་	ལྔ་	NUM
།		PUNCT
ཁྱད་པར་ཅན་	ཁྱད་པར་ཅན་	ADJ
དང་	དང་	NO_POS
འབྲེལ་བ་	འབྲེལ་བ་	VERB
འི་	གི་	PART
རྒྱུ་	རྒྱུ་	NOUN
མངོན་ཤེས་	མངོན་ཤེས་	NOUN
།		PUNCT
རྣམ་པ་	རྣམ་པ་	NOUN
ར་	ལ་	PART
དག་པ་	དག་པ་	VERB
མཐོང་	མཐོང་	VERB
བསྒོམ་	བསྒོམ་	VERB
ལ་	ལ་	PART
གདམས་པ་	གདམས་པ་	VERB
།		PUNCT
ཁྱད་པར་	ཁྱད་པར་	NOUN
དུ་	ལ་	PART
དགེ་འདུན་	དགེ་འདུན་	NOUN
བསྟན་པ་	བསྟན་པ་	VERB
འོ་	གོ་	PART
། །		PUNCT
དང་པོ་	དང་པོ་	ADJ
བསྒྲུབ་པ་	བསྒྲུབ་པ་	VERB
འི་	གི་	PART
ངོ་བོ་	ངོ་བོ་	NOUN
ནི་	ནི་	NO_POS
།		PUNCT
སྒྲུབ་	སྒྲུབ་	VERB
དང་	དང་	NO_POS
ཞེ་	ཅེས་	PART
སོ་	གོ་	PART
།།		PUNCT
གཉིས་པ་	གཉིས་པ་	NUM
དམིགས་པ་	དམིགས་པ་	VERB
འི་	གི་	PART
ཡུལ་	ཡུལ་	NOUN
ནི་	ནི་	NO_POS
། ་་་་་་་་་		PUNCT
བདེན་པ་	བདེན་པ་	VERB
རྣམས་	རྣམས་	DET
དང་	དང་	NO_POS
ནི་	ནི་	NO_POS
།།		PUNCT
ཞེ་	ཅེས་	PART
སོ་	གོ་	PART
།།		PUNCT
གསུམ་པ་	གསུམ་པ་	NUM
རྟེན་	རྟེན་	NOUN
ནི་	ནི་	NO_POS
།		PUNCT
སངས་རྒྱས་	སངས་རྒྱས་	NOUN
ལ་སོགས་	ལ་སོགས་	NO_POS
དཀོན་མཆོག་	དཀོན་མཆོག་	NOUN
གསུམ་	གསུམ་	NUM
།།		PUNCT
ཞེ་	ཅེས་	PART
སོ་	གོ་	PART
།།		PUNCT
བཞི་པ་	བཞི་པ་	ADJ
མི་	མི་	PART
མཐུན་	མཐུན་	VERB
ཕྱོགས་	ཕྱོགས་	NOUN
སྤང་བ་	སྤང་བ་	VERB
འི་	གི་	PART
རྒྱུ་གསུམ་	རྒྱུ་གསུམ་	NO_POS
ནི་	ནི་	NO_POS
།		PUNCT
མ་	མ་	PART
ཞེན་	ཞེན་	VERB
ཡོངས་སུ་	ཡོངས་སུ་	NO_POS
མི་	མི་	PART
ངལ་	ངལ་	VERB
དང་	དང་	NO_POS
།།		PUNCT
ལམ་	གམ་	PART
ནི་	ནི་	NO_POS
ཡོངས་སུ་	ཡོངས་སུ་	NO_POS
འཛིན་པ་	འཛིན་པ་	VERB
དང་	དང་	NO_POS
།།		PUNCT
		
ཞེ་	ཅེས་	PART
སོ་	གོ་	PART
།།		PUNCT
ལྔ་པ་	ལྔ་པ་	NUM
དྲིང་	དྲིང་	NOUN
མྀ་		NON_WORD
འཇོག་པ་	འཇོག་པ་	VERB
སྤྱན་	སྤྱན་	NOUN
ལྔ་	ལྔ་	NUM
ནི་	ནི་	NO_POS
།		PUNCT
སྤྱན་	སྤྱན་	NOUN
ལྔ་	ལྔ་	NUM
དང་	དང་	NO_POS
ནི་	ནི་	NO_POS
ཞེ་	ཅེས་	PART
སོ་	གོ་	PART
།།		PUNCT
དྲུག་པ་	དྲུག་པ་	NUM
ཁྱད་པར་ཅན་	ཁྱད་པར་ཅན་	ADJ
དང་	དང་	NO_POS
འབྲེལ་བ་	འབྲེལ་བ་	VERB
འི་	གི་	PART
རྒྱུ་	རྒྱུ་	NOUN
མངོན་ཤེས་	མངོན་ཤེས་	NOUN
ནི་	ནི་	NO_POS
། ་་་་་་་་་་་་་་་་་་་་་་་་་་་་་་་་་་་་་་་		PUNCT
མངོན་ཤེས་	མངོན་ཤེས་	NOUN
ཀྱི་	གི་	PART
།		PUNCT
ཡོན་ཏན་	ཡོན་ཏན་	NOUN
དྲུག་	དྲུག་	NUM
དང་	དང་	NO_POS
ཞེ་	ཅེས་	PART
སོ་	གོ་	PART
།།		PUNCT
བདུན་པ་	བདུན་པ་	NUM
རྣམ་པ་	རྣམ་པ་	NOUN
ར་	ལ་	PART
དག་པ་	དག་པ་	VERB
མཐོང་	མཐོང་	VERB
བསྒོམ་	བསྒོམ་	VERB
ལ་	ལ་	PART
གདམས་པ་	གདམས་པ་	VERB
ནི་	ནི་	NO_POS
"།

་་་་་་་་་་་་་་་་་་་་་་་་་་"		PUNCT
མཐོང་ལམ་	མཐོང་ལམ་	NOUN
དང་	དང་	NO_POS
།།		PUNCT
སྒོམ་	སྒོམ་	VERB
ཞེ་	ཅེས་	PART
བྱ་	བྱ་	VERB
ལ་	ལ་	PART
གདམས་ངག་	གདམས་ངག་	NOUN
ནི་	ནི་	NO_POS
།།		PUNCT
བཅུ་	བཅུ་	NUM
ཡི་	གི་	PART
བདག་ཉིད་	བདག་ཉིད་	NOUN
ཤེས་པ་	ཤེས་པ་	VERB
ར་	ལ་	PART
བྱ་	བྱ་	VERB
།།		PUNCT
ཞེ་	ཅེས་	PART
སོ་	གོ་	PART
།།		PUNCT
བརྒྱད་པ་	བརྒྱད་པ་	NUM
ཁྱད་པར་	ཁྱད་པར་	NOUN
དུ་	ལ་	PART
དགེ་འདུན་	དགེ་འདུན་	NOUN
བསྟན་པ་	བསྟན་པ་	VERB
ནི་	ནི་	NO_POS
།		PUNCT
དབང་པོ་	དབང་པོ་	NOUN
རྟུལ་	རྟུལ་	VERB
དང་	དང་	NO_POS
རྣོན་པོ་	རྣོན་པོ་	ADJ
དང་	དང་	NO_POS
།།		PUNCT
དད་	དད་	VERB
དང་	དང་	NO_POS
མཐོང་	མཐོང་	VERB
ཐོབ་	ཐོབ་	VERB
རིགས་	རིགས་	NOUN
ན་	ནས་	PART
རིགས་	རིགས་	NOUN
།།		PUNCT
བར་ཆད་	བར་ཆད་	NOUN
གཅིག་པ་	གཅིག་པ་	ADJ
ར་	ལ་	PART
སྐྱེ་	སྐྱེ་	VERB
ན་	ནས་	PART
དང་	དང་	NO_POS
།།		PUNCT
བྱེད་	བྱེད་	VERB
དང་	དང་	NO_POS
བྱེད་	བྱེད་	VERB
མིན་	མིན་	AUX
འོག་མིན་	འོག་མིན་	PROPN
འགྲོ་	འགྲོ་	VERB
།		PUNCT
		
འཕར་	འཕར་	NO_POS
གསུམ་	གསུམ་	NUM
སྲིད་རྩེ་	སྲིད་རྩེ་	NOUN
འི་	གི་	PART
མཐར་ཐུག་	མཐར་ཐུག་	NOUN
འགྲོ་	འགྲོ་	VERB
།		PUNCT
གཟུགས་	གཟུགས་	NOUN
ཀྱི་	གི་	PART
ཆགས་	ཆགས་	VERB
བཅོམ་	བཅོམ་	VERB
མཐོང་བ་	མཐོང་བ་	VERB
ཡི་	གི་	PART
།།		PUNCT
ཆོ་	ཆོ་	NOUN
ལ་	ལ་	PART
ཞི་ལུ་	ཞི་ལུ་	OTHER
ས་	གིས་	PART
མངོན་སུམ་	མངོན་སུམ་	NOUN
བྱེད་	བྱེད་	VERB
།།		PUNCT
བསེ་རུ་	བསེ་རུ་	NOUN
དང་	དང་	NO_POS
ནི་	ནི་	NO_POS
ཉི་ཤུ་	ཉི་ཤུ་	NUM
འོ་	གོ་	PART
།།		PUNCT
		
ཞེ་	ཅེས་	PART
སོ་	གོ་	PART
།།		PUNCT
གསུམ་པ་	གསུམ་པ་	NUM
ངེས་འབྱེད་	ངེས་འབྱེད་	NO_POS
སྦྱོར་ལམ་	སྦྱོར་ལམ་	NOUN
ལ་	ལ་	PART
བརྒྱད་	བརྒྱད་	NUM
དེ་	སྟེ་	PART
།		PUNCT
ངེས་འབྱེད་	ངེས་འབྱེད་	NO_POS
མདོ་	མདོ་	NOUN
ར་	ལ་	PART
བསྟན་པ་	བསྟན་པ་	VERB
དང་	དང་	NO_POS
།		PUNCT
དྲོད་	དྲོད་	NOUN
ཀྱི་	གི་	PART
དམིགས་རྣམ་	དམིགས་རྣམ་	NO_POS
།		PUNCT
རྩེ་མོ་	རྩེ་མོ་	NOUN
འི་	གི་	PART
།		PUNCT
བཟོད་པ་	བཟོད་པ་	VERB
འི་	གི་	PART
།		PUNCT
ཆོས་མཆོག་	ཆོས་མཆོག་	PROPN
གི་	གི་	PART
དམིགས་རྣམ་	དམིགས་རྣམ་	NO_POS
ཆེ་	ཆེ་	VERB
འབྲིང་	འབྲིང་	NOUN
ཆུང་ངུ་	ཆུང་ངུ་	ADJ
གསུམ་	གསུམ་	NUM
གསུམ་	གསུམ་	NUM
དང་	དང་	NO_POS
།		PUNCT
མདོ་	མདོ་	NOUN
རྒྱ་	རྒྱ་	VERB
ཀྱིས་	གིས་	PART
གཟུང་	གཟུང་	VERB
རྟོག་	རྟོག་	VERB
དང་	དང་	NO_POS
།		PUNCT
འཛིན་	འཛིན་	VERB
རྟོག་	རྟོག་	VERB
བསྟན་པ་	བསྟན་པ་	VERB
དང་	དང་	NO_POS
།		PUNCT
ཡོངས་འཛིན་	ཡོངས་འཛིན་	OTHER
ལ་	ལ་	PART
གདམས་པ་	གདམས་པ་	VERB
འོ་	གོ་	PART
། །		PUNCT
དང་པོ་	དང་པོ་	ADJ
ངེས་འབྱེད་	ངེས་འབྱེད་	NO_POS
མདོ་	མདོ་	NOUN
ར་	ལ་	PART
བསྟན་པ་	བསྟན་པ་	VERB
ནི་	ནི་	NO_POS
།		PUNCT
དམིགས་པ་	དམིགས་པ་	VERB
དང་	དང་	NO_POS
ནི་	ནི་	NO_POS
རྣམ་པ་	རྣམ་པ་	NOUN
དང་	དང་	NO_POS
།།		PUNCT
སྒྱུ་	སྒྱུ་	NOUN
དང་	དང་	NO_POS
ཡོངས་སུ་	ཡོངས་སུ་	NO_POS
འཛིན་པ་	འཛིན་པ་	VERB
ཡི་	གིས་	PART
།།		PUNCT
བྱང་ཆུབ་	བྱང་ཆུབ་	NOUN
སེམས་དཔའ་	སེམས་དཔའ་	NOUN
སྐྱོབ་པ་	སྐྱོབ་པ་	VERB
ཡི་	གི་	PART
།།		PUNCT
དྲོད་	དྲོད་	NOUN
སོགས་	སོགས་	DET
བདག་ཉིད་	བདག་ཉིད་	NOUN
ཇི་བཞིན་	ཇི་བཞིན་	OTHER
དུ་	ལ་	PART
།།		PUNCT
		
རྣམ་རྟོག་	རྣམ་རྟོག་	NOUN
བཞི་པོ་	བཞི་པོ་	NUM
ལྡན་	ལྡན་	VERB
བརྟེན་པ་	བརྟེན་པ་	VERB
།།		PUNCT
ཆུང་	ཆུང་	VERB
དང་	དང་	NO_POS
འབྲིང་	འབྲིང་	NOUN
དང་	དང་	NO_POS
ཆེན་པོ་	ཆེན་པོ་	ADJ
རྣམས་	རྣམས་	DET
།།		PUNCT
ཉན་ཐོས་	ཉན་ཐོས་	NOUN
བསེ་རུ་	བསེ་རུ་	NOUN
ལྟ་བུ་	ལྟ་བུ་	NOUN
དང་	དང་	NO_POS
།།		PUNCT
བཅས་པ་	བཅས་པ་	VERB
དག་	དག་	DET
ལ་	ལ་	ADP
ས་	གིས་	PART
ཁྱད་པར་	ཁྱད་པར་	NOUN
འཕགས་	འཕགས་	VERB
།།		PUNCT
		
ཞེ་	ཅེས་	PART
སོ་	གོ་	PART
།།		PUNCT
གཉིས་པ་	གཉིས་པ་	NUM
དྲོད་	དྲོད་	NOUN
ཀྱི་	གི་	PART
དམིགས་རྣམ་	དམིགས་རྣམ་	NO_POS
ཆེ་	ཆེ་	VERB
འབྲིང་	འབྲིང་	NOUN
ཆུང་	ཆུང་	VERB
གསུམ་	གསུམ་	NUM
ནི་	ནི་	NO_POS
།		PUNCT
དམིགས་པ་	དམིགས་པ་	VERB
མི་རྟག་	མི་རྟག་	OTHER
ལ་སོགས་པ་	ལ་སོགས་པ་	NO_POS
།།		PUNCT
བདེན་པ་	བདེན་པ་	VERB
འི་	གི་	PART
རྟེན་	རྟེན་	NOUN
ཅན་	ཅན་	PART
དེ་	སྟེ་	PART
ཡི་	གི་	PART
ནི་	ནི་	NO_POS
།།		PUNCT
རྣམ་པ་	རྣམ་པ་	NOUN
མངོན་ཞེན་	མངོན་ཞེན་	NOUN
ལ་སོགས་	ལ་སོགས་	NO_POS
འགོག་	འགོག་	NO_POS
།		PUNCT
ཐེག་པ་	ཐེག་པ་	NOUN
གསུམ་	གསུམ་	NUM
ཆ་	ཆ་	NOUN
ར་	ལ་	PART
འཐོབ་པ་	འཐོབ་པ་	VERB
འི་	གི་	PART
རྒྱུ་	རྒྱུ་	NOUN
།།		PUNCT
		
གཟུགས་	གཟུགས་	NOUN
སོགས་	སོགས་	DET
འདུ་འགོད་	འདུ་འགོད་	NO_POS
གནས་	གནས་	NOUN
བྲལ་	བྲལ་	VERB
དང་	དང་	NO_POS
།།		PUNCT
གནས་	གནས་	NOUN
དང་	དང་	NO_POS
བརྟགས་	བརྟགས་	VERB
དང་	དང་	NO_POS
བརྗོད་	བརྗོད་	VERB
དུ་	ལ་	PART
མེད་	མེད་	VERB
།།		PUNCT
ཅེས་	ཅེས་	PART
སོ་	གོ་	PART
།།		PUNCT
གསུམ་པ་	གསུམ་པ་	NUM
རྩེ་མོ་	རྩེ་མོ་	NOUN
འི་	གི་	PART
དམིགས་རྣམ་	དམིགས་རྣམ་	NO_POS
ཆུང་	ཆུང་	VERB
འབྲིང་	འབྲིང་	NOUN
ཆེ་	ཆེ་	VERB
གསུམ་	གསུམ་	NUM
ནི་	ནི་	NO_POS
།		PUNCT
གཟུགས་	གཟུགས་	NOUN
སོགས་	སོགས་	DET
མི་	མི་	PART
གནས་	གནས་	NOUN
དེ་དག་	དེ་དག་	OTHER
ནི་	ནི་	NO_POS
།།		PUNCT
དེ་	སྟེ་	PART
ཡི་	གི་	PART
ངོ་བོ་	ངོ་བོ་	NOUN
རང་བཞིན་	རང་བཞིན་	NOUN
མེད་	མེད་	VERB
།།		PUNCT
		
དེ་དག་	དེ་དག་	OTHER
གཅིག་	གཅིག་	NUM
གི་	གི་	PART
རང་བཞིན་	རང་བཞིན་	NOUN
གཅིག་	གཅིག་	NUM
།		PUNCT
དེ་	སྟེ་	PART
མི་རྟག་	མི་རྟག་	OTHER
སོགས་པ་	སོགས་པ་	DET
ར་	ལ་	PART
མི་	མི་	PART
གནས་	གནས་	NOUN
།།		PUNCT
དེ་	སྟེ་	PART
རྣམས་	རྣམས་	DET
དེ་	སྟེ་	PART
ཡི་	གི་	PART
ངོ་བོ་	ངོ་བོ་	NOUN
ས་	གིས་	PART
སྟོང་	སྟོང་	NUM
།།		PUNCT
དེ་དག་	དེ་དག་	OTHER
གཅིག་	གཅིག་	NUM
གི་	གི་	PART
རང་བཞིན་	རང་བཞིན་	NOUN
གཅིག་	གཅིག་	NUM
།		PUNCT
		
ཆོ་	ཆོ་	NOUN
རྣམས་	རྣམས་	DET
མི་	མི་	PART
འཛིན་	འཛིན་	VERB
གང་ཡིན་	གང་ཡིན་	NO_POS
དང་	དང་	NO_POS
།།		PUNCT
དེ་དག་	དེ་དག་	OTHER
མཚན་མ་	མཚན་མ་	NOUN
ར་	ལ་	PART
མི་	མི་	PART
མཐོང་	མཐོང་	VERB
ཕྱི་	ཕྱི་	OTHER
།།		PUNCT
ཤེས་རབ་	ཤེས་རབ་	NOUN
ཀྱིས་	གིས་	PART
ནི་	ནི་	NO_POS
ཡོངས་རྟོགས་པ་	ཡོངས་རྟོགས་པ་	NO_POS
།།		PUNCT
ཐམས་ཅད་	ཐམས་ཅད་	DET
དམིགས་	དམིགས་	VERB
སུ་	ལ་	PART
མེད་པ་	མེད་པ་	VERB
ར་	ལ་	PART
རོ་	རོ་	NOUN
།།		PUNCT
		
ཞེ་	ཅེས་	PART
སོ་	གོ་	PART
།།		PUNCT
བཞི་པ་	བཞི་པ་	ADJ
བཟོད་པ་	བཟོད་པ་	VERB
འི་	གི་	PART
དམིགས་རྣམ་	དམིགས་རྣམ་	NO_POS
ཆུང་	ཆུང་	VERB
འབྲིང་	འབྲིང་	NOUN
ཆེ་	ཆེ་	VERB
གསུམ་	གསུམ་	NUM
ནི་	ནི་	NO_POS
།		PUNCT
གཟུགས་	གཟུགས་	NOUN
སོགས་	སོགས་	DET
ངོ་བོ་	ངོ་བོ་	NOUN
ཉིད་	ཉིད་	DET
མེད་	མེད་	VERB
ཉིད་	ཉིད་	DET
།།		PUNCT
དེ་	སྟེ་	PART
མེད་པ་	མེད་པ་	VERB
ཉིད་	ཉིད་	DET
ངོ་བོ་	ངོ་བོ་	NOUN
ཉིད་	ཉིད་	DET
།།		PUNCT
དེ་དག་	དེ་དག་	OTHER
སྐྱེ་	སྐྱེ་	NOUN
མེད་	མེད་	VERB
ངེས་འབྱུང་	ངེས་འབྱུང་	NOUN
མེད་	མེད་	VERB
།།		PUNCT
དག་	དག་	DET
དང་	དང་	NO_POS
དེ་དག་	དེ་དག་	OTHER
མཚན་མ་	མཚན་མ་	NOUN
མེད་	མེད་	VERB
།།		PUNCT
		
དེ་	སྟེ་	PART
ཡི་	གི་	PART
མཚན་མ་	མཚན་མ་	NOUN
ར་	ལ་	PART
མི་	མི་	PART
བརྟེན་པ་	བརྟེན་པ་	VERB
ས་	གིས་	PART
།།		PUNCT
མོ་	མོ་	VERB
མིན་	མིན་	AUX
འདུ་ཤེས་	འདུ་ཤེས་	NOUN
མེད་པ་	མེད་པ་	VERB
ཡིན་	ཡིན་	NO_POS
།།		PUNCT
ཞེ་	ཅེས་	PART
སོ་	གོ་	PART
།།		PUNCT
ལྔ་པ་	ལྔ་པ་	NUM
ཆོས་མཆོག་	ཆོས་མཆོག་	PROPN
གི་	གི་	PART
དམིགས་རྣམ་	དམིགས་རྣམ་	NO_POS
ཆུང་	ཆུང་	VERB
འབྲིང་	འབྲིང་	NOUN
ཆེ་	ཆེ་	VERB
གསུམ་	གསུམ་	NUM
ནི་	ནི་	NO_POS
།		PUNCT
ཏིང་འཛིན་	ཏིང་འཛིན་	NOUN
དེ་	སྟེ་	PART
ཡི་	གི་	PART
བྱེད་པ་	བྱེད་པ་	VERB
ཉིད་	ཉིད་	DET
།།		PUNCT
ལུང་སྟོན་པ་	ལུང་སྟོན་པ་	NOUN
དང་	དང་	NO_POS
རློམ་པ་	རློམ་པ་	VERB
ཟད་	ཟད་	VERB
།།		PUNCT
		
གསུམ་པོ་	གསུམ་པོ་	NUM
ཕན་ཚུན་	ཕན་ཚུན་	ADV
ངོ་བོ་	ངོ་བོ་	NOUN
གཅིག་	གཅིག་	NUM
།		PUNCT
ཏིང་འཛིན་	ཏིང་འཛིན་	NOUN
རྣམ་པ་	རྣམ་པ་	NOUN
ར་	ལ་	PART
མི་	མི་	PART
རྟོག་པ་	རྟོག་པ་	VERB
།།		PUNCT
དེ་ལྟ་	དེ་ལྟ་	NO_POS
ངེས་འབྱེད་	ངེས་འབྱེད་	NO_POS
ཆ་	ཆ་	NOUN
མཐུན་	མཐུན་	VERB
ནི་	ནི་	NO_POS
།།		PUNCT
ཆུང་	ཆུང་	VERB
དང་	དང་	NO_POS
འབྲིང་	འབྲིང་	NOUN
དང་	དང་	NO_POS
ཆེན་པོ་	ཆེན་པོ་	ADJ
ཡིན་	ཡིན་	NO_POS
།།		PUNCT
		
ཞེ་	ཅེས་	PART
སོ་	གོ་	PART
།།		PUNCT
དྲུག་པ་	དྲུག་པ་	NUM
མདོ་	མདོ་	NOUN
རྒྱ་	རྒྱ་	VERB
ཀྱིས་	གིས་	PART
གཟུང་	གཟུང་	VERB
རྟོག་	རྟོག་	VERB
བསྟན་པ་	བསྟན་པ་	VERB
ནི་	ནི་	NO_POS
།		PUNCT
གཞི་	གཞི་	NOUN
དང་	དང་	NO_POS
དེ་	སྟེ་	PART
ཡི་	གི་	PART
གཉེན་པོ་	གཉེན་པོ་	NOUN
ཡི་	གིས་	PART
།།		PUNCT
གཟུང་བ་	གཟུང་བ་	VERB
ར་	ལ་	PART
རྟོག་པ་	རྟོག་པ་	VERB
རྣམ་པ་	རྣམ་པ་	NOUN
གཉིས་	གཉིས་	NUM
།།		PUNCT
རྨོངས་	རྨོངས་	VERB
དང་	དང་	NO_POS
ཕུང་	ཕུང་	VERB
སོགས་	སོགས་	DET
བྱེ་བྲག་	བྱེ་བྲག་	NOUN
གིས་	གིས་	PART
།།		PUNCT
དེ་	སྟེ་	PART
ནི་	ནི་	NO_POS
སོ་སོ་	སོ་སོ་	PRON
ར་	ལ་	PART
རྣམ་པ་	རྣམ་པ་	NOUN
དགུ་	དགུ་	NUM
།		PUNCT
		
ཞེ་	ཅེས་	PART
སོ་	གོ་	PART
།།		PUNCT
བདུན་པ་	བདུན་པ་	NUM
མདོ་	མདོ་	NOUN
རྒྱ་	རྒྱ་	VERB
ཀྱིས་	གིས་	PART
འཛིན་	འཛིན་	VERB
རྟོག་	རྟོག་	VERB
བསྟན་པ་	བསྟན་པ་	VERB
ནི་	ནི་	NO_POS
།		PUNCT
རྫ་	རྫ་	NOUN
དང་	དང་	NO_POS
བརྟགས་པ་	བརྟགས་པ་	VERB
འི་	གི་	PART
རྟེན་	རྟེན་	NOUN
ཅན་	ཅན་	PART
གྱིས་	གིས་	PART
།།		PUNCT
འཛིན་པ་	འཛིན་པ་	VERB
འང་	ཀྱང་	PART
རྣམ་པ་	རྣམ་པ་	NOUN
གཉིས་	གཉིས་	NUM
སུ་	ལ་	PART
འདོད་	འདོད་	VERB
།།		PUNCT
རང་དབང་	རང་དབང་	NOUN
བདག་	བདག་	PRON
སོགས་	སོགས་	DET
ངོ་བོ་	ངོ་བོ་	NOUN
དང་	དང་	NO_POS
།།		PUNCT
ཕུང་	ཕུང་	VERB
སོགས་	སོགས་	DET
རྟེན་	རྟེན་	NOUN
ལ་	ལ་	ADP
ས་	གིས་	PART
དེ་བཞིན་	དེ་བཞིན་	OTHER
ནོ་	གོ་	PART
།།		PUNCT
		
ཞེ་	ཅེས་	PART
སོ་	གོ་	PART
།།		PUNCT
བརྒྱད་པ་	བརྒྱད་པ་	NUM
ཡོངས་འཛིན་	ཡོངས་འཛིན་	OTHER
བསྟན་པ་	བསྟན་པ་	VERB
ནི་	ནི་	NO_POS
།		PUNCT
སེམས་	སེམས་	NOUN
མི་	མི་	PART
འགོང་བ་	འགོང་བ་	NO_POS
ཉིད་	ཉིད་	DET
ལ་སོགས་	ལ་སོགས་	NO_POS
།།		PUNCT
ངོ་བོ་	ངོ་བོ་	NOUN
ཉིད་	ཉིད་	DET
མེད་	མེད་	VERB
སོགས་	སོགས་	DET
སྟོན་	སྟོན་	VERB
བྱེད་	བྱེད་	VERB
།།		PUNCT
དེ་	སྟེ་	PART
ཡི་	གི་	PART
མི་	མི་	PART
མཐུན་	མཐུན་	VERB
ཕྱོགས་	ཕྱོགས་	NOUN
བོར་བ་	བོར་བ་	VERB
།།		PUNCT
རྣམ་པ་	རྣམ་པ་	NOUN
ཀུན་	ཀུན་	DET
ཏུ་	ལ་	PART
ཡོངས་འཛིན་	ཡོངས་འཛིན་	OTHER
ཡིན་	ཡིན་	NO_POS
།།		PUNCT
		
ཞེ་	ཅེས་	PART
སོ་	གོ་	PART
།།		PUNCT
བཞི་པ་	བཞི་པ་	ADJ
བསྒྲུབ་པ་	བསྒྲུབ་པ་	VERB
འི་	གི་	PART
རྟེན་	རྟེན་	NOUN
རིགས་	རིགས་	NOUN
འགལ་	འགལ་	VERB
དང་	དང་	NO_POS
བཅས་པ་	བཅས་པ་	VERB
ནི་	ནི་	NO_POS
།		PUNCT
རྟོགས་པ་	རྟོགས་པ་	VERB
ཡི་	གི་	PART
ནི་	ནི་	NO_POS
ཆོ་	ཆོ་	NOUN
དྲུག་	དྲུག་	NUM
དང་	དང་	NO_POS
།།		PUNCT
གཉེན་པོ་	གཉེན་པོ་	NOUN
དང་	དང་	NO_POS
ནི་	ནི་	NO_POS
སྤོང་བ་	སྤོང་བ་	VERB
དང་	དང་	NO_POS
།།		PUNCT
དེ་དག་	དེ་དག་	OTHER
ཡོངས་སུ་	ཡོངས་སུ་	NO_POS
གཏུགས་པ་	གཏུགས་པ་	VERB
དང་	དང་	NO_POS
།།		PUNCT
ཤེས་རབ་	ཤེས་རབ་	NOUN
སྙིང་བརྩེ་	སྙིང་བརྩེ་	NOUN
ར་	ལ་	PART
བཅས་པ་	བཅས་པ་	VERB
དང་	དང་	NO_POS
།།		PUNCT
		
སློབ་མ་	སློབ་མ་	NOUN
ཐུན་མོང་	ཐུན་མོང་	ADJ
མིན་	མིན་	AUX
ཉིད་	ཉིད་	DET
དང་	དང་	NO_POS
།།		PUNCT
གཞན་	གཞན་	DET
གྱི་	གི་	PART
དོན་	དོན་	NOUN
གྱི་	གི་	PART
གོ་རིམས་	གོ་རིམས་	NOUN
དང་	དང་	NO_POS
།།		PUNCT
ཡེ་ཤེས་	ཡེ་ཤེས་	NOUN
རྩོལ་བ་	རྩོལ་བ་	VERB
མི་	མི་	PART
མངའ་བ་	མངའ་བ་	VERB
ར་	ལ་	PART
།།		PUNCT
འཇུག་པ་	འཇུག་པ་	VERB
འི་	གི་	PART
རྟེན་	རྟེན་	NOUN
ལ་	ལ་	PART
རིགས་	རིགས་	NOUN
ཤེས་བྱ་	ཤེས་བྱ་	VERB
།།		PUNCT
		
ཞེ་	ཅེས་	PART
དང་	དང་	NO_POS
།		PUNCT
ཆོ་	ཆོ་	NOUN
ཀྱི་	གི་	PART
དབྱིངས་	དབྱིངས་	NOUN
ལ་	ལ་	PART
དབྱེ་	དབྱེ་	VERB
ར་	ལ་	PART
མེད་	མེད་	VERB
ཕྱི་	ཕྱི་	OTHER
།།		PUNCT
རིགས་	རིགས་	NOUN
ནི་	ནི་	NO_POS
ཐ་དད་	ཐ་དད་	ADJ
རུང་	རུང་	SCONJ
མ་	མ་	PART
ཡིན་	ཡིན་	NO_POS
།།		PUNCT
རྟེན་པ་	རྟེན་པ་	VERB
འི་	གི་	PART
ཆོ་	ཆོ་	NOUN
ཀྱི་	གི་	PART
བྱེ་བྲག་	བྱེ་བྲག་	NOUN
གིས་	གིས་	PART
།།		PUNCT
དེ་	སྟེ་	PART
ཡི་	གི་	PART
དབྱེ་བ་	དབྱེ་བ་	VERB
ཡོངས་སུ་	ཡོངས་སུ་	NO_POS
བརྗོད་	བརྗོད་	VERB
།།		PUNCT
		
ཅེས་	ཅེས་	PART
སོ་	གོ་	PART
།།		PUNCT
ལྔ་པ་	ལྔ་པ་	NUM
བསྒྲུབ་པ་	བསྒྲུབ་པ་	VERB
འི་	གི་	PART
དམིགས་པ་	དམིགས་པ་	VERB
བཅུ་གཅིག་	བཅུ་གཅིག་	NO_POS
ནི་	ནི་	NO_POS
།		PUNCT
དམིགས་པ་	དམིགས་པ་	VERB
ཆོ་	ཆོ་	NOUN
རྣམས་	རྣམས་	DET
ཐམས་ཅད་	ཐམས་ཅད་	DET
དེ་	སྟེ་	PART
།།		PUNCT
དེ་ཡང་	དེ་ཡང་	ADV
དགེ་	དགེ་	NOUN
ལ་སོགས་པ་	ལ་སོགས་པ་	NO_POS
ཡིན་	ཡིན་	NO_POS
།།		PUNCT
འཇིག་རྟེན་པ་	འཇིག་རྟེན་པ་	NOUN
ཡི་	གི་	PART
རྟོགས་པ་	རྟོགས་པ་	VERB
དང་	དང་	NO_POS
།།		PUNCT
གང་དག་	གང་དག་	NO_POS
འཇིག་རྟེན་	འཇིག་རྟེན་	NOUN
འདའ་	འདའ་	VERB
འདོད་	འདོད་	VERB
དང་	དང་	NO_POS
།།		PUNCT
		
ཟག་བཅས་	ཟག་བཅས་	NOUN
ཟག་པ་	ཟག་པ་	VERB
མེད་	མེད་	VERB
ཆོ་	ཆོ་	NOUN
དང་	དང་	NO_POS
།།		PUNCT
གང་དག་	གང་དག་	NO_POS
འདུས་བྱས་	འདུས་བྱས་	NOUN
འདུས་མ་བྱས་	འདུས་མ་བྱས་	NO_POS
།།		PUNCT
སློབ་མ་	སློབ་མ་	NOUN
ཐུན་མོང་	ཐུན་མོང་	ADJ
ཆོ་	ཆོ་	NOUN
རྣམས་	རྣམས་	DET
དང་	དང་	NO_POS
།།		PUNCT
གང་དག་	གང་དག་	NO_POS
ཐུབ་པ་	ཐུབ་པ་	VERB
འི་	གི་	PART
ཐུན་མོང་	ཐུན་མོང་	ADJ
མིན་	མིན་	AUX
།།		PUNCT
		
ཞེ་	ཅེས་	PART
སོ་	གོ་	PART
།།		PUNCT
དྲུག་པ་	དྲུག་པ་	NUM
བསྒྲུབ་པ་	བསྒྲུབ་པ་	VERB
འི་	གི་	PART
ཆེད་	ཆེད་	NOUN
དུ་	ལ་	PART
བྱ་བ་	བྱ་བ་	VERB
ནི་	ནི་	NO_POS
།		PUNCT
སེམས་ཅན་	སེམས་ཅན་	NOUN
ཀུན་	ཀུན་	DET
མཆོག་ཉིད་	མཆོག་ཉིད་	NOUN
སེམས་	སེམས་	NOUN
དང་	དང་	NO_POS
།།		PUNCT
སྤངས་	སྤངས་	VERB
དང་	དང་	NO_POS
རྟོགས་	རྟོགས་	VERB
དང་	དང་	NO_POS
གསུམ་པོ་	གསུམ་པོ་	NUM
ལ་	ལ་	PART
།།		PUNCT
ཆེན་པོ་	ཆེན་པོ་	ADJ
གསུམ་	གསུམ་	NUM
གྱི་	གི་	PART
རང་བྱུང་	རང་བྱུང་	NOUN
གི་	གི་	PART
།		PUNCT
ཆེད་	ཆེད་	NOUN
དུ་	ལ་	PART
བྱ་བ་	བྱ་བ་	VERB
འདི་	འདི་	DET
ཤེས་བྱ་	ཤེས་བྱ་	VERB
།།		PUNCT
		
ཞེ་	ཅེས་	PART
སོ་	གོ་	PART
།།		PUNCT
བདུན་པ་	བདུན་པ་	NUM
བསྒྲུབ་པ་	བསྒྲུབ་པ་	VERB
འི་	གི་	PART
ངོ་བོ་	ངོ་བོ་	NOUN
ལ་	ལ་	PART
དྲུག་	དྲུག་	NUM
ཏེ་	སྟེ་	PART
།		PUNCT
གོ་ཆ་	གོ་ཆ་	NOUN
བརྩོན་འགྲུས་	བརྩོན་འགྲུས་	NOUN
ཀྱི་	གི་	PART
བསྒྲུབ་པ་	བསྒྲུབ་པ་	VERB
དང་	དང་	NO_POS
།		PUNCT
འཇུག་པ་	འཇུག་པ་	VERB
རྣམ་པ་	རྣམ་པ་	NOUN
དགུ་	དགུ་	NUM
དང་	དང་	NO_POS
།		PUNCT
ཚོགས་	ཚོགས་	NOUN
བཅུ་བདུན་	བཅུ་བདུན་	NO_POS
བསྒྲུབ་པ་	བསྒྲུབ་པ་	VERB
དང་	དང་	NO_POS
།		PUNCT
བྱེ་བྲག་	བྱེ་བྲག་	NOUN
ཏུ་	ལ་	PART
ས་	ས་	ADP
འི་	གི་	PART
ཚོགས་	ཚོགས་	NOUN
དང་	དང་	NO_POS
།		PUNCT
གཉེན་པོ་	གཉེན་པོ་	NOUN
རྣམ་པ་	རྣམ་པ་	NOUN
བརྒྱད་	བརྒྱད་	NUM
ཀྱི་	གི་	PART
ཚོགས་	ཚོགས་	NOUN
དང་	དང་	NO_POS
།		PUNCT
ངེས་འབྱུང་	ངེས་འབྱུང་	NOUN
བསྒྲུབ་པ་	བསྒྲུབ་པ་	VERB
བརྒྱད་	བརྒྱད་	NUM
དོ་	གོ་	PART
། །		PUNCT
དང་པོ་	དང་པོ་	ADJ
གོ་ཆ་	གོ་ཆ་	NOUN
བརྩོན་འགྲུས་	བརྩོན་འགྲུས་	NOUN
ཀྱི་	གི་	PART
བསྒྲུབ་པ་	བསྒྲུབ་པ་	VERB
ནི་	ནི་	NO_POS
།		PUNCT
དེ་དག་	དེ་དག་	OTHER
སོ་སོ་	སོ་སོ་	PRON
ར་	ལ་	PART
སྦྱིན་	སྦྱིན་	VERB
ལ་སོགས་	ལ་སོགས་	NO_POS
།།		PUNCT
རྣམ་པ་	རྣམ་པ་	NOUN
དྲུག་	དྲུག་	NUM
ཏུ་	ལ་	PART
བསྡུས་པ་	བསྡུས་པ་	VERB
ཡི་	གིས་	PART
།།		PUNCT
གོ་ཆ་	གོ་ཆ་	NOUN
འི་	གི་	PART
སྒྲུབ་པ་	སྒྲུབ་པ་	VERB
གང་ཡིན་	གང་ཡིན་	NO_POS
དེ་	སྟེ་	PART
།།		PUNCT
དྲུག་	དྲུག་	NUM
ཚན་	ཚན་	NOUN
དྲུག་	དྲུག་	NUM
གིས་	གིས་	PART
ཇི་བཞིན་	ཇི་བཞིན་	OTHER
བཤད་	བཤད་	VERB
།།		PUNCT
		
ཅེས་	ཅེས་	PART
སོ་	གོ་	PART
།།		PUNCT
གཉིས་པ་	གཉིས་པ་	NUM
འཇུག་པ་	འཇུག་པ་	VERB
རྣམ་པ་	རྣམ་པ་	NOUN
དགུ་	དགུ་	NUM
ནི་	ནི་	NO_POS
།		PUNCT
བསམ་གཏན་	བསམ་གཏན་	NOUN
གཟུགས་	གཟུགས་	NOUN
མེད་	མེད་	VERB
སྦྱིན་	སྦྱིན་	VERB
སོགས་	སོགས་	DET
དང་	དང་	NO_POS
།།		PUNCT
ལམ་	གམ་	PART
དང་	དང་	NO_POS
བྱམས་	བྱམས་	VERB
ལ་སོགས་པ་	ལ་སོགས་པ་	NO_POS
དང་	དང་	NO_POS
།།		PUNCT
དམིགས་པ་	དམིགས་པ་	VERB
མེད་	མེད་	VERB
དང་	དང་	NO_POS
ལྡན་པ་	ལྡན་པ་	VERB
དང་	དང་	NO_POS
།།		PUNCT
འཁོར་གསུམ་	འཁོར་གསུམ་	NO_POS
རྣམ་པ་	རྣམ་པ་	NOUN
ར་	ལ་	PART
དག་པ་	དག་པ་	VERB
དང་	དང་	NO_POS
།།		PUNCT
		
ཆེད་	ཆེད་	NOUN
དུ་	ལ་	PART
བྱ་	བྱ་	VERB
དང་	དང་	NO_POS
མངོན་ཤེས་	མངོན་ཤེས་	NOUN
དྲུག་	དྲུག་	NUM
།		PUNCT
རྣམ་ཀུན་	རྣམ་ཀུན་	NO_POS
མཁྱེན་པ་	མཁྱེན་པ་	VERB
འི་	གི་	PART
ཚུལ་	ཚུལ་	NOUN
ལ་	ལ་	PART
ནི་	ནི་	NO_POS
།།		PUNCT
འཇུག་པ་	འཇུག་པ་	VERB
འི་	གི་	PART
སྒྲུབ་པ་	སྒྲུབ་པ་	VERB
ཐེག་ཆེན་	ཐེག་ཆེན་	NOUN
ལ་	ལ་	PART
།།		PUNCT
འཛེགས་པ་	འཛེགས་པ་	VERB
ཡིན་པ་	ཡིན་པ་	AUX
ར་	ལ་	PART
ཤེས་པ་	ཤེས་པ་	VERB
ར་	ལ་	PART
བྱ་	བྱ་	VERB
།།		PUNCT
		
ཅེས་	ཅེས་	PART
སོ་	གོ་	PART
།།		PUNCT
གསུམ་པ་	གསུམ་པ་	NUM
ཚོགས་	ཚོགས་	NOUN
བསྒྲུབ་	བསྒྲུབ་	VERB
བཅུ་བདུན་	བཅུ་བདུན་	NO_POS
ནི་	ནི་	NO_POS
།		PUNCT
བརྩེ་	བརྩེ་	NO_POS
དང་	དང་	NO_POS
སྦྱིན་	སྦྱིན་	VERB
ལ་སོགས་པ་	ལ་སོགས་པ་	NO_POS
དྲུག་	དྲུག་	NUM
།		PUNCT
ཞི་གནས་	ཞི་གནས་	NOUN
ལྷག་མཐོང་	ལྷག་མཐོང་	NOUN
བཅས་པ་	བཅས་པ་	VERB
དང་	དང་	NO_POS
།།		PUNCT
ཟུང་	ཟུང་	VERB
དུ་	ལ་	PART
འབྲེལ་པ་	འབྲེལ་པ་	VERB
འི་	གི་	PART
ལམ་	གམ་	PART
གང་	གང་	NO_POS
དང་	དང་	NO_POS
།།		PUNCT
ཐབས་	ཐབས་	NOUN
ལ་	ལ་	PART
མཁས་པ་	མཁས་པ་	VERB
གང་ཡིན་	གང་ཡིན་	NO_POS
དང་	དང་	NO_POS
།།		PUNCT
		
ཡེ་ཤེས་	ཡེ་ཤེས་	NOUN
དང་	དང་	NO_POS
ནི་	ནི་	NO_POS
བསོད་ནམས་	བསོད་ནམས་	NOUN
དང་	དང་	NO_POS
།།		PUNCT
ལམ་	གམ་	PART
དང་	དང་	NO_POS
གཟུངས་	གཟུངས་	NOUN
དང་	དང་	NO_POS
ས་བཅུ་	ས་བཅུ་	NO_POS
དང་	དང་	NO_POS
།།		PUNCT
གཉེན་པོ་	གཉེན་པོ་	NOUN
ཚོགས་	ཚོགས་	NOUN
ཀྱི་	གི་	PART
སྒྲུབ་པ་	སྒྲུབ་པ་	VERB
ཡི་	གི་	PART
།།		PUNCT
རིམ་པ་	རིམ་པ་	NOUN
ཡིན་པ་	ཡིན་པ་	AUX
ར་	ལ་	PART
ཤེས་པ་	ཤེས་པ་	VERB
ར་	ལ་	PART
བྱ་	བྱ་	VERB
།།		PUNCT
		
ཞེ་	ཅེས་	PART
སོ་	གོ་	PART
།།		PUNCT
བཞི་པ་	བཞི་པ་	ADJ
ས་	ས་	ADP
འི་	གི་	PART
ཚོགས་	ཚོགས་	NOUN
བྱེ་བྲག་	བྱེ་བྲག་	NOUN
ཏུ་	ལ་	PART
བཤད་པ་	བཤད་པ་	VERB
ལ་	ལ་	PART
བཅུ་	བཅུ་	NUM
སྟེ་	སྟེ་	PART
།		PUNCT
ས་	ས་	ADP
དང་པོ་	དང་པོ་	ADJ
འི་	གི་	PART
ཡོངས་སུ་	ཡོངས་སུ་	NO_POS
སྦྱང་བ་	སྦྱང་བ་	VERB
བཅུ་	བཅུ་	NUM
དང་	དང་	NO_POS
།		PUNCT
གཉིས་པ་	གཉིས་པ་	NUM
འི་	གི་	PART
བརྒྱད་	བརྒྱད་	NUM
།		PUNCT
གསུམ་པ་	གསུམ་པ་	NUM
འི་	གི་	PART
ལྔ་	ལྔ་	NUM
དང་	དང་	NO_POS
།		PUNCT
བཞི་པ་	བཞི་པ་	ADJ
འི་	གི་	PART
བཅུ་	བཅུ་	NUM
དང་	དང་	NO_POS
།		PUNCT
ལྔ་པ་	ལྔ་པ་	NUM
འི་	གི་	PART
བཅུ་	བཅུ་	NUM
དང་	དང་	NO_POS
།		PUNCT
དྲུག་པ་	དྲུག་པ་	NUM
འི་	གི་	PART
བཅུ་གཉིས་	བཅུ་གཉིས་	NO_POS
དང་	དང་	NO_POS
།		PUNCT
བདུན་པ་	བདུན་པ་	NUM
འི་	གི་	PART
ཉི་ཤུ་	ཉི་ཤུ་	NUM
སྤང་བ་	སྤང་བ་	VERB
དང་	དང་	NO_POS
།		PUNCT
སྦྱང་བ་	སྦྱང་བ་	VERB
དང་	དང་	NO_POS
།		PUNCT
བརྒྱད་པ་	བརྒྱད་པ་	NUM
འི་	གི་	PART
བརྒྱད་	བརྒྱད་	NUM
།		PUNCT
དགུ་པ་	དགུ་པ་	ADJ
འི་	གི་	PART
བཅུ་གཉིས་	བཅུ་གཉིས་	NO_POS
དང་	དང་	NO_POS
།		PUNCT
བཅུ་པ་	བཅུ་པ་	NUM
བསྟན་པ་	བསྟན་པ་	VERB
འོ་	གོ་	PART
།།		PUNCT
དང་པོ་	དང་པོ་	ADJ
ས་	ས་	ADP
དང་པོ་	དང་པོ་	ADJ
འི་	གི་	PART
ཡོངས་	ཡོངས་	DET
སྦྱོང་	སྦྱོང་	VERB
བཅུ་	བཅུ་	NUM
ནི་	ནི་	NO_POS
།		PUNCT
ཡོངས་སུ་	ཡོངས་སུ་	NO_POS
སྦྱོང་བ་	སྦྱོང་བ་	VERB
རྣམ་	རྣམ་	NOUN
བཅུ་	བཅུ་	NUM
ཡི་	གིས་	PART
།།		PUNCT
ས་	ས་	ADP
ནི་	ནི་	NO_POS
དང་པོ་	དང་པོ་	ADJ
འཐོབ་	འཐོབ་	VERB
འགྱུར་	འགྱུར་	VERB
ཏེ་	སྟེ་	PART
།།		PUNCT
བསམ་	བསམ་	NOUN
དང་	དང་	NO_POS
ཕན་པ་	ཕན་པ་	VERB
འི་	གི་	PART
དངོ་	དངོ་	NOUN
ཉིད་	ཉིད་	DET
དང་	དང་	NO_POS
།།		PUNCT
སེམས་ཅན་	སེམས་ཅན་	NOUN
རྣམས་	རྣམས་	DET
ལ་	ལ་	PART
སེམས་	སེམས་	NOUN
མཉམ་ཉིད་	མཉམ་ཉིད་	NOUN
།།		PUNCT
		
གཏོང་	གཏོང་	VERB
དང་	དང་	NO_POS
བཤེས་གཉེན་	བཤེས་གཉེན་	NOUN
བསྟེན་པ་	བསྟེན་པ་	VERB
དང་	དང་	NO_POS
།།		PUNCT
དམ་ཆོས་	དམ་ཆོས་	NOUN
དམིགས་པ་	དམིགས་པ་	VERB
ཚོལ་བ་	ཚོལ་བ་	VERB
དང་	དང་	NO_POS
།།		PUNCT
རྟག་	རྟག་	VERB
ཏུ་	ལ་	PART
ངེས་འབྱུང་	ངེས་འབྱུང་	NOUN
སེམས་ཉིད་	སེམས་ཉིད་	NOUN
དང་	དང་	NO_POS
།།		PUNCT
སངས་རྒྱས་	སངས་རྒྱས་	NOUN
སྐུ་	སྐུ་	NOUN
འདོད་	འདོད་	VERB
དགའ་བ་	དགའ་བ་	VERB
དང་	དང་	NO_POS
།།		PUNCT
		
ཆོས་སྟོན་པ་	ཆོས་སྟོན་པ་	NOUN
དང་	དང་	NO_POS
བདེན་པ་	བདེན་པ་	VERB
ཡི་	གི་	PART
།།		PUNCT
ཚིག་	ཚིག་	NOUN
ནི་	ནི་	NO_POS
བཅུ་པ་	བཅུ་པ་	NUM
ཡིན་པ་	ཡིན་པ་	AUX
ར་	ལ་	PART
འདོད་	འདོད་	VERB
།།		PUNCT
འདི་དག་	འདི་དག་	NO_POS
རང་བཞིན་	རང་བཞིན་	NOUN
མི་	མི་	PART
དམིགས་པ་	དམིགས་པ་	VERB
ས་	གིས་	PART
།།		PUNCT
ཡོངས་སུ་	ཡོངས་སུ་	NO_POS
སྦྱོང་བ་	སྦྱོང་བ་	VERB
ར་	ལ་	PART
ཤེས་པ་	ཤེས་པ་	VERB
ར་	ལ་	PART
བྱ་	བྱ་	VERB
།།		PUNCT
		
ཞེ་	ཅེས་	PART
སོ་	གོ་	PART
།།		PUNCT
གཉིས་པ་	གཉིས་པ་	NUM
འི་	གི་	PART
བརྒྱད་	བརྒྱད་	NUM
ནི་	ནི་	NO_POS
།		PUNCT
ཚུལ་ཁྲིམས་	ཚུལ་ཁྲིམས་	NOUN
བྱས་པ་	བྱས་པ་	VERB
གཟོ་	གཟོ་	NO_POS
དང་	དང་	NO_POS
བཟོད་	བཟོད་	VERB
།།		PUNCT
རབ་ཏུ་	རབ་ཏུ་	NO_POS
དགའ་	དགའ་	VERB
དང་	དང་	NO_POS
སྙིང་བརྩེ་	སྙིང་བརྩེ་	NOUN
ཆེ་	ཆེ་	VERB
།།		PUNCT
བཀུར་སྟི་	བཀུར་སྟི་	NOUN
བླ་མ་	བླ་མ་	NOUN
ལ་	ལ་	PART
གུ་	གུ་	VERB
ཉན་	ཉན་	VERB
།།		PUNCT
བརྒྱད་པ་	བརྒྱད་པ་	NUM
སྦྱིན་	སྦྱིན་	VERB
ལ་སོགས་	ལ་སོགས་	NO_POS
ལ་	ལ་	PART
བརྩོན་	བརྩོན་	VERB
།།		PUNCT
		
ཞེ་	ཅེས་	PART
སོ་	གོ་	PART
།།		PUNCT
གསུམ་པ་	གསུམ་པ་	NUM
འི་	གི་	PART
ལྔ་	ལྔ་	NUM
ནི་	ནི་	NO_POS
།		PUNCT
ཐོས་པ་	ཐོས་པ་	VERB
ས་	གིས་	PART
མི་	མི་	PART
ངོམས་	ངོམས་	VERB
ཉིད་	ཉིད་	DET
དང་	དང་	NO_POS
ནི་	ནི་	NO_POS
།།		PUNCT
ཟང་ཟིང་	ཟང་ཟིང་	NOUN
མེད་པ་	མེད་པ་	VERB
ར་	ལ་	PART
ཆོས་སྦྱིན་	ཆོས་སྦྱིན་	NO_POS
དང་	དང་	NO_POS
།།		PUNCT
སངས་རྒྱས་	སངས་རྒྱས་	NOUN
ཞིང་	ཅིང་	PART
ཀུན་	ཀུན་	DET
སྦྱོང་བ་	སྦྱོང་བ་	VERB
དང་	དང་	NO_POS
།།		PUNCT
འཁོར་བ་	འཁོར་བ་	NOUN
ས་	གིས་	PART
ཡོངས་སུ་	ཡོངས་སུ་	NO_POS
མི་	མི་	PART
སྐྱོ་	སྐྱོ་	VERB
དང་	དང་	NO_POS
།།		PUNCT
		
ངོ་ཚ་	ངོ་ཚ་	NOUN
ཁྲེལ་ཡོད་	ཁྲེལ་ཡོད་	NO_POS
ཅེས་བྱ་བ་	ཅེས་བྱ་བ་	NO_POS
།།		PUNCT
རློམ་	རློམ་	NO_POS
མེད་	མེད་	VERB
བདག་ཉིད་	བདག་ཉིད་	NOUN
དེ་	སྟེ་	PART
རྣམ་	རྣམ་	NOUN
ལྔ་	ལྔ་	NUM
།།		PUNCT
ཞེ་	ཅེས་	PART
སོ་	གོ་	PART
།།		PUNCT
བཞི་པ་	བཞི་པ་	ADJ
འི་	གི་	PART
བཅུ་	བཅུ་	NUM
ནི་	ནི་	NO_POS
།		PUNCT
ནགས་	ནགས་	NOUN
གནས་	གནས་	NOUN
འདོད་	འདོད་	VERB
ཆུང་	ཆུང་	VERB
ཆོག་ཤེས་	ཆོག་ཤེས་	OTHER
དང་	དང་	NO_POS
།།		PUNCT
སྦྱངས་པ་	སྦྱངས་པ་	VERB
ཡང་དག་	ཡང་དག་	ADJ
སྡོམ་	སྡོམ་	NOUN
བསྟེན་	བསྟེན་	VERB
དང་	དང་	NO_POS
།།		PUNCT
		
བསླབ་པ་	བསླབ་པ་	VERB
ཡོངས་སུ་	ཡོངས་སུ་	NO_POS
མི་	མི་	PART
གཏོང་	གཏོང་	VERB
དང་	དང་	NO_POS
།།		PUNCT
འདོད་པ་	འདོད་པ་	VERB
རྣམས་	རྣམས་	DET
ལ་	ལ་	PART
སྨོད་པ་	སྨོད་པ་	VERB
དང་	དང་	NO_POS
།།		PUNCT
མྱ་ངན་	མྱ་ངན་	NOUN
འདའ་	འདའ་	VERB
དང་	དང་	NO_POS
བདོག་	བདོག་	VERB
ཀུན་	ཀུན་	DET
གཏོང་	གཏོང་	VERB
།།		PUNCT
མི་	མི་	PART
ཞུམ་པ་	ཞུམ་པ་	VERB
དང་	དང་	NO_POS
ལྟ་བ་	ལྟ་བ་	VERB
མེད་	མེད་	VERB
།།		PUNCT
		
ཅེས་	ཅེས་	PART
སོ་	གོ་	PART
།།		PUNCT
ལྔ་པ་	ལྔ་པ་	NUM
འི་	གི་	PART
བཅུ་	བཅུ་	NUM
ནི་	ནི་	NO_POS
།		PUNCT
འདྲིས་	འདྲིས་	NO_POS
དང་	དང་	NO_POS
ཁྱིམ་	ཁྱིམ་	NOUN
ལ་	ལ་	PART
འཁྲེན་པ་	འཁྲེན་པ་	VERB
དང་	དང་	NO_POS
།།		PUNCT
འདུ་འཛི་	འདུ་འཛི་	NOUN
ར་	ལ་	PART
གྱུར་པ་	གྱུར་པ་	VERB
འི་	གི་	PART
གནས་	གནས་	NOUN
དང་	དང་	NO_POS
ནི་	ནི་	NO_POS
།།		PUNCT
བདག་	བདག་	PRON
བསྟོད་	བསྟོད་	VERB
གཞན་	གཞན་	DET
ལ་	ལ་	PART
བརྙས་པ་	བརྙས་པ་	VERB
དང་	དང་	NO_POS
།།		PUNCT
མི་དགེ་	མི་དགེ་	NOUN
འི་	གི་	PART
ལ་	ལ་	ADP
ས་	གིས་	PART
ཀྱི་	གི་	PART
ལམ་	གམ་	PART
བཅུ་	བཅུ་	NUM
དང་	དང་	NO_POS
།།		PUNCT
		
རློམ་པ་	རློམ་པ་	VERB
ས་	གིས་	PART
ཁེངས་	ཁེངས་	VERB
དང་	དང་	NO_POS
ཕྱིན་	ཕྱིན་	VERB
ཅི་	ཅི་	NO_POS
ལོག་	ལོག་	VERB
།		PUNCT
བློ་ངན་	བློ་ངན་	NOUN
དང་	དང་	NO_POS
ནི་	ནི་	NO_POS
ཉོན་མོངས་	ཉོན་མོངས་	NOUN
བཟོད་	བཟོད་	VERB
།།		PUNCT
བཅུ་པོ་	བཅུ་པོ་	NUM
འདི་	འདི་	DET
ནི་	ནི་	NO_POS
རྣམ་	རྣམ་	NOUN
སྤངས་	སྤངས་	VERB
ན་	ལ་	PART
།།		PUNCT
ས་	ས་	ADP
ལྔ་པ་	ལྔ་པ་	NUM
ནི་	ནི་	NO_POS
ཡང་དག་	ཡང་དག་	ADJ
འཐོབ་	འཐོབ་	VERB
།།		PUNCT
		
ཅེས་	ཅེས་	PART
སོ་	གོ་	PART
།།		PUNCT
དྲུག་པ་	དྲུག་པ་	NUM
འི་	གི་	PART
བཅུ་གཉིས་	བཅུ་གཉིས་	NO_POS
ནི་	ནི་	NO_POS
།		PUNCT
སྦྱིན་	སྦྱིན་	VERB
དང་	དང་	NO_POS
ཚུལ་ཁྲིམས་	ཚུལ་ཁྲིམས་	NOUN
བཟོད་	བཟོད་	VERB
བརྩོན་འགྲུས་	བརྩོན་འགྲུས་	NOUN
།།		PUNCT
བསམ་གཏན་	བསམ་གཏན་	NOUN
ཤེས་རབ་	ཤེས་རབ་	NOUN
རབ་	རབ་	ADV
རྫོགས་པ་	རྫོགས་པ་	VERB
ས་	གིས་	PART
།།		PUNCT
སློབ་མ་	སློབ་མ་	NOUN
དང་	དང་	NO_POS
ནི་	ནི་	NO_POS
བསེ་རུ་	བསེ་རུ་	NOUN
ལ་	ལ་	PART
།།		PUNCT
དགའ་	དགའ་	VERB
དང་	དང་	NO_POS
སྐྲག་པ་	སྐྲག་པ་	VERB
འི་	གི་	PART
སེམས་	སེམས་	NOUN
སྤངས་པ་	སྤངས་པ་	VERB
།།		PUNCT
		
བསླངས་	བསླངས་	NO_POS
ན་	ལ་	PART
མི་	མི་	PART
ཞུམ་	ཞུམ་	NO_POS
བདོག་པ་	བདོག་པ་	VERB
ཀུན་	ཀུན་	DET
།།		PUNCT
བཏང་	བཏང་	VERB
ཡང་	ཀྱང་	PART
མི་	མི་	PART
དགའ་	དགའ་	VERB
མེད་པ་	མེད་པ་	VERB
དང་	དང་	NO_POS
།།		PUNCT
དབུལ་	དབུལ་	NO_POS
ཡང་	ཀྱང་	PART
སློང་བ་	སློང་བ་	VERB
མི་	མི་	PART
སྤོང་བ་	སྤོང་བ་	VERB
ས་	གིས་	PART
།།		PUNCT
ས་	ས་	ADP
ནི་	ནི་	NO_POS
དྲུག་པ་	དྲུག་པ་	NUM
ཡང་དག་	ཡང་དག་	ADJ
འཐོབ་	འཐོབ་	VERB
།།		PUNCT
		
ཅེས་	ཅེས་	PART
སོ་	གོ་	PART
།།		PUNCT
བདུན་པ་	བདུན་པ་	NUM
འི་	གི་	PART
སྤང་བྱ་	སྤང་བྱ་	NOUN
ཉི་ཤུ་	ཉི་ཤུ་	NUM
ནི་	ནི་	NO_POS
།		PUNCT
བདག་	བདག་	PRON
དང་སེམས་	དང་སེམས་	NO_POS
ཅན་	ཅན་	PART
འཛིན་པ་	འཛིན་པ་	VERB
དང་	དང་	NO_POS
།།		PUNCT
སྲོག་	སྲོག་	NOUN
དང་	དང་	NO_POS
གང་ཟག་	གང་ཟག་	NOUN
ཆད་	ཆད་	VERB
རྟག་	རྟག་	VERB
དང་	དང་	NO_POS
།།		PUNCT
མཚན་མ་	མཚན་མ་	NOUN
རྒྱུ་	རྒྱུ་	NOUN
དང་	དང་	NO_POS
ཕུང་པོ་	ཕུང་པོ་	NOUN
དང་	དང་	NO_POS
།།		PUNCT
ཁམས་	ཁམས་	NOUN
དང་	དང་	NO_POS
སྐྱེ་མཆེད་	སྐྱེ་མཆེད་	NOUN
དག་	དག་	DET
དང་	དང་	NO_POS
ནི་	ནི་	NO_POS
།།		PUNCT
		
ཁམས་	ཁམས་	NOUN
གསུམ་པོ་	གསུམ་པོ་	NUM
ལ་	ལ་	PART
གནས་	གནས་	NOUN
དང་	དང་	NO_POS
ཆགས་	ཆགས་	VERB
།།		PUNCT
སེམས་	སེམས་	NOUN
ནི་	ནི་	NO_POS
ཀུན་	ཀུན་	DET
ཏུ་	ལ་	PART
ཞུམ་པ་	ཞུམ་པ་	VERB
དང་	དང་	NO_POS
།།		PUNCT
དཀོན་མཆོག་	དཀོན་མཆོག་	NOUN
གསུམ་	གསུམ་	NUM
དང་	དང་	NO_POS
ཚུལ་ཁྲིམས་	ཚུལ་ཁྲིམས་	NOUN
ལ་	ལ་	PART
།།		PUNCT
དེ་	དེ་	DET
ར་	ལ་	PART
ལྟ་བ་	ལྟ་བ་	VERB
ཡི་	གི་	PART
མངོན་ཞེན་	མངོན་ཞེན་	NOUN
དང་	དང་	NO_POS
།།		PUNCT
		
སྟོང་པ་ཉིད་	སྟོང་པ་ཉིད་	NOUN
ལ་	ལ་	PART
རྩོད་པ་	རྩོད་པ་	VERB
དང་	དང་	NO_POS
།།		PUNCT
དེ་	སྟེ་	PART
དང་	དང་	NO_POS
འགལ་བ་	འགལ་བ་	VERB
འི་	གི་	PART
ཉེས་པ་	ཉེས་པ་	VERB
ནི་	ནི་	NO_POS
།།		PUNCT
ཉི་ཤུ་	ཉི་ཤུ་	NUM
གང་	གང་	NO_POS
ལ་	ལ་	PART
རྣམ་	རྣམ་	NOUN
ཆད་པ་	ཆད་པ་	VERB
།།		PUNCT
དེ་	སྟེ་	PART
ཡི་	གིས་	PART
ས་	ས་	ADP
ནི་	ནི་	NO_POS
བདུན་པ་	བདུན་པ་	NUM
འཐོབ་	འཐོབ་	VERB
།།		PUNCT
		
ཅེས་	ཅེས་	PART
སོ་	གོ་	PART
།།		PUNCT
བླང་	བླང་	NO_POS
བྱ་	བྱ་	VERB
ཉི་ཤུ་	ཉི་ཤུ་	NUM
ནི་	ནི་	NO_POS
།		PUNCT
རྣམ་ཐར་	རྣམ་ཐར་	NOUN
སྒོ་གསུམ་	སྒོ་གསུམ་	OTHER
ཤེས་པ་	ཤེས་པ་	VERB
དང་	དང་	NO_POS
།།		PUNCT
འཁོར་གསུམ་	འཁོར་གསུམ་	NO_POS
རྣམ་པ་	རྣམ་པ་	NOUN
ར་	ལ་	PART
དག་	དག་	DET
ཉིད་	ཉིད་	DET
དང་	དང་	NO_POS
།།		PUNCT
སྙིང་རྗེ་	སྙིང་རྗེ་	NOUN
དང་	དང་	NO_POS
ནི་	ནི་	NO_POS
རློམ་	རློམ་	NO_POS
མེད་	མེད་	VERB
དང་	དང་	NO_POS
།།		PUNCT
ཆོ་	ཆོ་	NOUN
མཉམ་ཉིད་	མཉམ་ཉིད་	NOUN
དང་	དང་	NO_POS
ཚུལ་	ཚུལ་	NOUN
གཅིག་	གཅིག་	NUM
ཤེ་	ཤེ་	VERB
།།		PUNCT
		
མི་	མི་	PART
སྐྱེ་བ་	སྐྱེ་བ་	VERB
དང་	དང་	NO_POS
བཟོད་	བཟོད་	VERB
ཤེ་	ཤེ་	VERB
དང་	དང་	NO_POS
།།		PUNCT
ཆོ་	ཆོ་	NOUN
རྣམས་	རྣམས་	DET
རྣམ་པ་	རྣམ་པ་	NOUN
གཅིག་	གཅིག་	NUM
ཏུ་	ལ་	PART
སྟོན་	སྟོན་	VERB
།།		PUNCT
རྟོག་པ་	རྟོག་པ་	VERB
ཀུན་	ཀུན་	DET
ཏུ་	ལ་	PART
འཇོམས་པ་	འཇོམས་པ་	VERB
དང་	དང་	NO_POS
།།		PUNCT
འདུ་ཤེས་	འདུ་ཤེས་	NOUN
ལྟ་	ལྟ་	NOUN
དང་	དང་	NO_POS
ཉོན་མོངས་	ཉོན་མོངས་	NOUN
སྤོང་	སྤོང་	VERB
།།		PUNCT
		
ཞི་གནས་	ཞི་གནས་	NOUN
ངེས་པ་		
སེམས་པ་	སེམས་པ་	VERB
དང་	དང་	NO_POS
།།		PUNCT
ལྷག་མཐོང་	ལྷག་མཐོང་	NOUN
ལ་	ལ་	PART
ནི་	ནི་	NO_POS
མཁས་པ་	མཁས་པ་	VERB
དང་	དང་	NO_POS
།།		PUNCT
སེམས་	སེམས་	NOUN
དུལ་བ་	དུལ་བ་	VERB
དང་	དང་	NO_POS
ཐམས་ཅད་	ཐམས་ཅད་	DET
ལ་	ལ་	PART
།།		PUNCT
ཐོགས་པ་	ཐོགས་པ་	VERB
མེད་པ་	མེད་པ་	VERB
འི་	གི་	PART
ཡེ་ཤེས་	ཡེ་ཤེས་	NOUN
དང་	དང་	NO_POS
།།		PUNCT
		
ཆགས་པ་	ཆགས་པ་	VERB
འི་	གི་	PART
ས་	ས་	ADP
མིན་	མིན་	AUX
ག་	ག་	NOUN
འདོད་པ་	འདོད་པ་	VERB
ར་	ལ་	PART
།།		PUNCT
ཞིང་	ཅིང་	PART
གཞན་	གཞན་	DET
དུ་	ལ་	PART
ནི་	ནི་	NO_POS
མཉམ་འགྲོ་	མཉམ་འགྲོ་	NO_POS
དང་	དང་	NO_POS
།།		PUNCT
ཀུན་	ཀུན་	DET
ཏུ་	ལ་	PART
བདག་	བདག་	PRON
གི་	གི་	PART
ངོ་བོ་	ངོ་བོ་	NOUN
ནི་	ནི་	NO_POS
།།		PUNCT
སྟོན་པ་	སྟོན་པ་	NOUN
ཉིད་	ཉིད་	DET
དང་	དང་	NO_POS
ཉི་ཤུ་	ཉི་ཤུ་	NUM
འོ་	གོ་	PART
།།		PUNCT
		
ཞེ་	ཅེས་	PART
སོ་	གོ་	PART
།།		PUNCT
བརྒྱད་པ་	བརྒྱད་པ་	NUM
འི་	གི་	PART
བརྒྱད་	བརྒྱད་	NUM
ནི་	ནི་	NO_POS
།		PUNCT
སེམས་ཅན་	སེམས་ཅན་	NOUN
ཀུན་	ཀུན་	DET
ཡིད་ཤེས་པ་	ཡིད་ཤེས་པ་	NO_POS
དང་	དང་	NO_POS
།།		PUNCT
མངོན་པ་	མངོན་པ་	OTHER
ཤེས་པ་	ཤེས་པ་	VERB
ས་	གིས་	PART
བརྩེ་བ་	བརྩེ་བ་	VERB
དང་	དང་	NO_POS
།།		PUNCT
སངས་རྒྱས་	སངས་རྒྱས་	NOUN
ཞིང་བཟང་	ཞིང་བཟང་	NO_POS
སྒྲུབ་པ་	སྒྲུབ་པ་	VERB
དང་	དང་	NO_POS
།།		PUNCT
ཡོངས་སུ་	ཡོངས་སུ་	NO_POS
བརྟག་	བརྟག་	VERB
ཕྱི་	ཕྱི་	OTHER
སངས་རྒྱས་	སངས་རྒྱས་	NOUN
བརྟེན་	བརྟེན་	VERB
།།		PUNCT
		
དབང་པོ་	དབང་པོ་	NOUN
ཤེ་	ཤེ་	VERB
དང་	དང་	NO_POS
རྒྱལ་བ་	རྒྱལ་བ་	NOUN
ཡི་	གི་	PART
།།		PUNCT
ཞིང་	ཅིང་	PART
སྦྱོང་	སྦྱོང་	VERB
སྒྱུ་མ་	སྒྱུ་མ་	NOUN
ལྟ་	ལྟ་	OTHER
གནས་	གནས་	NOUN
དང་	དང་	NO_POS
།།		PUNCT
བསམས་	བསམས་	VERB
བཞིན་	བཞིན་	NOUN
སྲིད་པ་	སྲིད་པ་	VERB
ལེན་པ་	ལེན་པ་	VERB
དང་	དང་	NO_POS
།།		PUNCT
ལ་	ལ་	ADP
ས་	གིས་	PART
ནི་	ནི་	NO_POS
རྣམ་པ་	རྣམ་པ་	NOUN
འདི་	འདི་	DET
བརྒྱད་	བརྒྱད་	NUM
བཤད་	བཤད་	VERB
།།		PUNCT
		
ཅེས་	ཅེས་	PART
སོ་	གོ་	PART
།།		PUNCT
དགུ་པ་	དགུ་པ་	ADJ
འི་	གི་	PART
བཅུ་གཉིས་	བཅུ་གཉིས་	NO_POS
ནི་	ནི་	NO_POS
།		PUNCT
སྨོན་ལམ་	སྨོན་ལམ་	NOUN
དག་	དག་	DET
ནི་	ནི་	NO_POS
མཐའ་	མཐའ་	NOUN
ཡ་		
དང་	དང་	NO_POS
།།		PUNCT
ལྷ་	ལྷ་	NOUN
ལ་སོགས་པ་	ལ་སོགས་པ་	NO_POS
འི་	གི་	PART
སྐད་	སྐད་	NOUN
ཤེ་	ཤེ་	VERB
དང་	དང་	NO_POS
།།		PUNCT
སྤོབས་པ་	སྤོབས་པ་	VERB
ཆུ་བོ་	ཆུ་བོ་	NOUN
ལྟ་བུ་	ལྟ་བུ་	NOUN
དང་	དང་	NO_POS
།།		PUNCT
མངལ་	མངལ་	NOUN
དུ་	ལ་	PART
འཇུག་པ་	འཇུག་པ་	VERB
མཆོག་	མཆོག་	ADJ
དང་	དང་	NO_POS
ནི་	ནི་	NO_POS
།།		PUNCT
		
རིགས་	རིགས་	NOUN
དང་རུ་	དང་རུ་	NO_POS
དང་	དང་	NO_POS
ཆོ་འབྲང་	ཆོ་འབྲང་	NO_POS
དང་	དང་	NO_POS
།།		PUNCT
འཁོར་	འཁོར་	NOUN
དང་	དང་	NO_POS
སྐྱེ་བ་	སྐྱེ་བ་	VERB
དག་	དག་	DET
དང་	དང་	NO_POS
ནི་	ནི་	NO_POS
།།		PUNCT
ངེས་འབྱུང་	ངེས་འབྱུང་	NOUN
བྱང་ཆུབ་	བྱང་ཆུབ་	NOUN
ཤིང་	ཅིང་	PART
རྣམས་	རྣམས་	DET
དང་	དང་	NO_POS
།།		PUNCT
ཡོན་ཏན་	ཡོན་ཏན་	NOUN
ཕུན་སུམ་	ཕུན་སུམ་	OTHER
ཚོགས་པ་	ཚོགས་པ་	VERB
ཡིན་	ཡིན་	NO_POS
།།		PUNCT
		
ཞེ་	ཅེས་	PART
སོ་	གོ་	PART
།།		PUNCT
ས་བཅུ་པ་	ས་བཅུ་པ་	NO_POS
བསྟན་པ་	བསྟན་པ་	VERB
ནི་	ནི་	NO_POS
།		PUNCT
ས་	ས་	ADP
དགུ་	དགུ་	NUM
འདའ་	འདའ་	VERB
ན་	ནས་	PART
ཡེ་ཤེས་	ཡེ་ཤེས་	NOUN
ནི་	ནི་	NO_POS
།།		PUNCT
གང་	གང་	NO_POS
གིས་	གིས་	PART
སངས་རྒྱས་	སངས་རྒྱས་	NOUN
ས་	ས་	ADP
ར་	ལ་	PART
གནས་པ་	གནས་པ་	VERB
།།		PUNCT
དེ་	སྟེ་	PART
ནི་	ནི་	NO_POS
བྱང་ཆུབ་	བྱང་ཆུབ་	NOUN
སེམས་དཔ་	སེམས་དཔའ་	NOUN
འི་	གི་	PART
ས་	ས་	ADP
།།		PUNCT
བཅུ་པ་	བཅུ་པ་	NUM
ཡིན་པ་	ཡིན་པ་	AUX
ར་	ལ་	PART
ཤེས་པ་	ཤེས་པ་	VERB
ར་	ལ་	PART
བྱ་	བྱ་	VERB
།།		PUNCT
		
ཞེ་	ཅེས་	PART
སོ་	གོ་	PART
།།		PUNCT
ལྔ་པ་	ལྔ་པ་	NUM
གཉེན་པོ་	གཉེན་པོ་	NOUN
འི་	གི་	PART
ཚོགས་	ཚོགས་	NOUN
ནི་	ནི་	NO_POS
།		PUNCT
མཐོང་	མཐོང་	VERB
དང་	དང་	NO_POS
སྒོམ་པ་	སྒོམ་པ་	VERB
འི་	གི་	PART
ལམ་	གམ་	PART
དག་	དག་	DET
ལ་	ལ་	PART
།།		PUNCT
གཟུང་	གཟུང་	VERB
དང་	དང་	NO_POS
འཛིན་པ་	འཛིན་པ་	VERB
འི་	གི་	PART
རྣམ་རྟོག་	རྣམ་རྟོག་	NOUN
རྣམས་	རྣམས་	DET
།།		PUNCT
ཉེ་བ་		
ཞི་བ་	ཞི་བ་	VERB
ར་	ལ་	PART
བྱ་བ་	བྱ་བ་	VERB
འི་	གི་	PART
ཕྱི་	ཕྱི་	OTHER
།།		PUNCT
གཉེན་པོ་	གཉེན་པོ་	NOUN
རྣམ་པ་	རྣམ་པ་	NOUN
བརྒྱད་	བརྒྱད་	NUM
ཅེས་	ཅེས་	PART
བྱ་	བྱ་	VERB
།།		PUNCT
ཞེ་	ཅེས་	PART
སོ་	གོ་	PART
།།		PUNCT
དྲུག་པ་	དྲུག་པ་	NUM
ངེས་འབྱུང་	ངེས་འབྱུང་	NOUN
སྒྲུབ་པ་	སྒྲུབ་པ་	VERB
ནི་	ནི་	NO_POS
།		PUNCT
ཆེད་	ཆེད་	NOUN
དུ་	ལ་	PART
བྱ་	བྱ་	VERB
དང་	དང་	NO_POS
མཉམ་ཉིད་	མཉམ་ཉིད་	NOUN
དང་	དང་	NO_POS
།།		PUNCT
སེམས་ཅན་	སེམས་ཅན་	NOUN
དོན་	དོན་	NOUN
དང་	དང་	NO_POS
འབད་	འབད་	VERB
མེད་	མེད་	VERB
དང་	དང་	NO_POS
།།		PUNCT
མཐའ་	མཐའ་	NOUN
ལ་	ལ་	ADP
ས་	གིས་	PART
འདས་པ་	འདས་པ་	VERB
ར་	ལ་	PART
ངེས་འབྱུང་	ངེས་འབྱུང་	NOUN
དང་	དང་	NO_POS
།།		PUNCT
ཐོབ་པ་	ཐོབ་པ་	VERB
འི་	གི་	PART
མཚན་ཉིད་	མཚན་ཉིད་	NOUN
ངེས་འབྱུང་	ངེས་འབྱུང་	NOUN
དང་	དང་	NO_POS
།།		PUNCT
		
རྣམ་པ་	རྣམ་པ་	NOUN
ཐམས་ཅད་	ཐམས་ཅད་	DET
མཁྱེན་	མཁྱེན་	VERB
ཉིད་	ཉིད་	DET
དང་	དང་	NO_POS
།།		PUNCT
ལམ་	གམ་	PART
གྱི་	གི་	PART
ཡུལ་ཅན་	ཡུལ་ཅན་	NOUN
ངེས་འབྱུང་	ངེས་འབྱུང་	NOUN
སྟེ་	སྟེ་	PART
།།		PUNCT
རྣམ་པ་	རྣམ་པ་	NOUN
བརྒྱད་	བརྒྱད་	NUM
ཀྱི་	གི་	PART
བདག་ཉིད་	བདག་ཉིད་	NOUN
འདི་	འདི་	DET
།།		PUNCT
ངེས་འབྱུང་	ངེས་འབྱུང་	NOUN
སྒྲུབ་པ་	སྒྲུབ་པ་	VERB
ཡིན་	ཡིན་	NO_POS
ཞེ་	ཅེས་	PART
བྱ་	བྱ་	VERB
།།		PUNCT
		
ཞེ་	ཅེས་	PART
སོ་	གོ་	PART
།།		PUNCT
ཤེས་རབ་	ཤེས་རབ་	NOUN
ཀྱི་	གི་	PART
ཕ་རོལ་	ཕ་རོལ་	NOUN
ཏུ་	ལ་	PART
ཕྱིན་པ་	ཕྱིན་པ་	VERB
འི་	གི་	PART
མན་ངག་	མན་ངག་	NOUN
གི་	གི་	PART
བསྟན་བཅོས་	བསྟན་བཅོས་	NOUN
མངོན་པ་	མངོན་པ་	OTHER
རྟོགས་པ་	རྟོགས་པ་	VERB
འི་	གི་	PART
རྒྱན་	རྒྱན་	NOUN
གྱི་	གི་	PART
ཚིག་ལེའུ་	ཚིག་ལེའུ་	OTHER
ར་	ལ་	PART
བྱས་པ་	བྱས་པ་	VERB
ལ་	ལ་	ADP
ས་	གིས་	PART
སྐབས་	སྐབས་	NOUN
དང་པོ་	དང་པོ་	ADJ
འོ་	གོ་	PART
།། །།		PUNCT
སྐབས་	སྐབས་	NOUN
གཉིས་པ་	གཉིས་པ་	NUM
།		PUNCT
ལམ་ཤེས་	ལམ་ཤེས་	NO_POS
།		PUNCT
གཉིས་པ་	གཉིས་པ་	NUM
ལམ་	གམ་	PART
གྱི་	གི་	PART
གཞི་	གཞི་	NOUN
ལམ་ཤེས་	ལམ་ཤེས་	NO_POS
ལ་	ལ་	PART
གཉིས་	གཉིས་	NUM
།		PUNCT
ལམ་ཤེས་	ལམ་ཤེས་	NO_POS
སྐྱེ་བ་	སྐྱེ་བ་	VERB
འི་	གི་	PART
ཡན་ལག་	ཡན་ལག་	NOUN
དང་	དང་	NO_POS
།		PUNCT
དངོ་	དངོ་	NOUN
སོ་	གོ་	PART
། །		PUNCT
དང་པོ་	དང་པོ་	ADJ
ལམ་ཤེས་	ལམ་ཤེས་	NO_POS
སྐྱེ་བ་	སྐྱེ་བ་	VERB
འི་	གི་	PART
ཡན་ལག་	ཡན་ལག་	NOUN
ནི་	ནི་	NO_POS
།		PUNCT
ལྷ་	ལྷ་	NOUN
རྣམས་	རྣམས་	DET
རུང་བ་	རུང་བ་	VERB
ར་	ལ་	PART
བྱ་བ་	བྱ་བ་	VERB
འི་	གི་	PART
ཕྱི་	ཕྱི་	OTHER
།།		PUNCT
འོད་	འོད་	NOUN
ཀྱིས་	གིས་	PART
མོག་མོག་པོ་	མོག་མོག་པོ་	NOUN
ར་	ལ་	PART
མཛད་	མཛད་	VERB
དང་	དང་	NO_POS
།།		PUNCT
ཡུལ་	ཡུལ་	NOUN
ངེས་པ་	ངེས་པ་	VERB
དང་	དང་	NO_POS
ཁྱབ་པ་	ཁྱབ་པ་	VERB
དང་	དང་	NO_POS
།།		PUNCT
རང་བཞིན་	རང་བཞིན་	NOUN
དང་	དང་	NO_POS
ནི་	ནི་	NO_POS
དེ་	སྟེ་	PART
ཡི་	གི་	PART
ལ་	ལ་	ADP
ས་	གིས་	PART
།།		PUNCT
		
ཞེ་	ཅེས་	PART
སོ་	གོ་	PART
།།		PUNCT
གཉིས་པ་	གཉིས་པ་	NUM
ལམ་ཤེས་	ལམ་ཤེས་	NO_POS
དངོ་	དངོ་	NOUN
ལ་	ལ་	PART
གསུམ་	གསུམ་	NUM
།		PUNCT
ཉན་ཐོས་	ཉན་ཐོས་	NOUN
དང་	དང་	NO_POS
།		PUNCT
རང་རྒྱལ་	རང་རྒྱལ་	NOUN
དང་	དང་	NO_POS
།		PUNCT
བྱང་ཆུབ་	བྱང་ཆུབ་	NOUN
སེམས་དཔ་	སེམས་དཔའ་	NOUN
འོ་	གོ་	PART
། །		PUNCT
དང་པོ་	དང་པོ་	ADJ
ཉན་ཐོས་	ཉན་ཐོས་	NOUN
ཀྱི་	གི་	PART
ལམ་	གམ་	PART
ལ་	ལ་	PART
ལྔ་	ལྔ་	NUM
།		PUNCT
ལམ་	གམ་	PART
གྱི་	གི་	PART
རང་བཞིན་	རང་བཞིན་	NOUN
།		PUNCT
དྲོད་	དྲོད་	NOUN
།		PUNCT
རྩེ་མོ་	རྩེ་མོ་	NOUN
།		PUNCT
བཟོད་པ་	བཟོད་པ་	VERB
།		PUNCT
ཆོས་མཆོག་	ཆོས་མཆོག་	PROPN
གོ་	གོ་	PART
། །		PUNCT
དང་པོ་	དང་པོ་	ADJ
ལམ་	གམ་	PART
གྱི་	གི་	PART
རང་བཞིན་	རང་བཞིན་	NOUN
ནི་	ནི་	NO_POS
།		PUNCT
ལམ་ཤེས་	ལམ་ཤེས་	NO_POS
ཉིད་	ཉིད་	DET
ཀྱི་	གི་	PART
ཚུལ་	ཚུལ་	NOUN
ལ་	ལ་	PART
ནི་	ནི་	NO_POS
།།		PUNCT
འཕགས་པ་	འཕགས་པ་	VERB
འི་	གི་	PART
བདེན་པ་	བདེན་པ་	VERB
བཞི་	བཞི་	NUM
དག་	དག་	DET
གི་	གི་	PART
།		PUNCT
རྣམ་པ་	རྣམ་པ་	NOUN
མི་	མི་	PART
དམིགས་སྒོ་	དམིགས་སྒོ་	NO_POS
ན་	ནས་	PART
ནི་	ནི་	NO_POS
།།		PUNCT
ཉན་ཐོས་	ཉན་ཐོས་	NOUN
ལམ་	གམ་	PART
འདི་	འདི་	DET
ཤེས་པ་	ཤེས་པ་	VERB
ར་	ལ་	PART
བྱ་	བྱ་	VERB
།།		PUNCT
		
ཞེ་	ཅེས་	PART
སོ་	གོ་	PART
།།		PUNCT
གཉིས་པ་	གཉིས་པ་	NUM
དྲོད་	དྲོད་	NOUN
ནི་	ནི་	NO_POS
།		PUNCT
འཕགས་པ་	འཕགས་པ་	VERB
ཉན་ཐོས་	ཉན་ཐོས་	NOUN
ལམ་	གམ་	PART
ལ་	ལ་	PART
ནི་	ནི་	NO_POS
།།		PUNCT
གཟུགས་	གཟུགས་	NOUN
ལ་སོགས་པ་	ལ་སོགས་པ་	NO_POS
སྟོང་པ་	སྟོང་པ་	VERB
འི་	གི་	PART
ཕྱི་	ཕྱི་	OTHER
།།		PUNCT
སྟོང་པ་ཉིད་	སྟོང་པ་ཉིད་	NOUN
རྣམས་	རྣམས་	DET
དབྱེ་	དབྱེ་	VERB
ར་	ལ་	PART
མེད་པ་	མེད་པ་	VERB
ས་	གིས་	PART
།།		PUNCT
དྲོ་བ་	དྲོ་བ་	VERB
ཞེ་	ཅེས་	PART
སོ་	གོ་	PART
།།		PUNCT
གསུམ་པ་	གསུམ་པ་	NUM
རྩེ་མོ་	རྩེ་མོ་	NOUN
ནི་	ནི་	NO_POS
། ་་་་་་་་		PUNCT
དེ་དག་	དེ་དག་	OTHER
མི་	མི་	PART
དམིགས་པ་	དམིགས་པ་	VERB
ས་	གིས་	PART
།།		PUNCT
		
རྩེ་མོ་	རྩེ་མོ་	NOUN
ར་	ལ་	PART
གྱུར་པ་	གྱུར་པ་	VERB
དག་	དག་	DET
ཏུ་	ལ་	PART
འདོད་	འདོད་	VERB
།།		PUNCT
ཞེ་	ཅེས་	PART
སོ་	གོ་	PART
།།		PUNCT
བཞི་པ་	བཞི་པ་	ADJ
བཟོད་པ་	བཟོད་པ་	VERB
ནི་	ནི་	NO_POS
།		PUNCT
དེ་	སྟེ་	PART
ལ་	ལ་	PART
རྟག་	རྟག་	VERB
ལ་སོགས་	ལ་སོགས་	NO_POS
ཚུལ་	ཚུལ་	NOUN
གྱིས་	གིས་	PART
།།		PUNCT
གནས་པ་	གནས་པ་	VERB
བཀག་པ་	བཀག་པ་	VERB
ས་	གིས་	PART
བཟོད་པ་	བཟོད་པ་	VERB
རྣམས་	རྣམས་	DET
།།		PUNCT
ཞེ་	ཅེས་	PART
སོ་	གོ་	PART
།།		PUNCT
ལྔ་པ་	ལྔ་པ་	NUM
ཆོས་མཆོག་	ཆོས་མཆོག་	PROPN
ནི་	ནི་	NO_POS
།		PUNCT
ས་བཅུ་	ས་བཅུ་	NO_POS
དག་	དག་	DET
ལ་	ལ་	ADP
ས་	གིས་	PART
བརྩམས་	བརྩམས་	VERB
ན་	ནས་	PART
ནི་	ནི་	NO_POS
།།		PUNCT
		
མི་	མི་	PART
གནས་	གནས་	NOUN
རྒྱས་པ་	རྒྱས་པ་	VERB
ར་	ལ་	PART
བསྟན་པ་	བསྟན་པ་	VERB
ཡི་	གིས་	PART
།།		PUNCT
ཆོ་	ཆོ་	NOUN
ཀྱི་	གི་	PART
མཆོག་	མཆོག་	ADJ
ཏུ་	ལ་	PART
འགྱུར་	འགྱུར་	VERB
བཤད་	བཤད་	VERB
དེ་	སྟེ་	PART
།།		PUNCT
ཅི་ཕྱིར་	ཅི་ཕྱིར་	NO_POS
ཞེ་ན་	ཅེ་ན་	PART
སངས་རྒྱས་	སངས་རྒྱས་	NOUN
ཀྱིས་	གིས་	PART
།།		PUNCT
མཁྱེན་	མཁྱེན་	VERB
ན་	ནས་	PART
ཆོ་	ཆོ་	NOUN
རྣམས་	རྣམས་	DET
མ་	མ་	PART
གཟིགས་	གཟིགས་	VERB
ཕྱི་	ཕྱི་	OTHER
།།		PUNCT
		
ཞེ་	ཅེས་	PART
སོ་	གོ་	PART
།།		PUNCT
གཉིས་པ་	གཉིས་པ་	NUM
རང་རྒྱལ་	རང་རྒྱལ་	NOUN
ལ་	ལ་	PART
བཞི་	བཞི་	NUM
།		PUNCT
ཉན་ཐོས་	ཉན་ཐོས་	NOUN
དང་	དང་	NO_POS
ཁྱད་པར་	ཁྱད་པར་	NOUN
།		PUNCT
སྒྲ་མེད་པ་	སྒྲ་མེད་པ་	NO_POS
ར་	ལ་	PART
ཆོས་སྟོན་	ཆོས་སྟོན་	NOUN
ཚུལ་	ཚུལ་	NOUN
།		PUNCT
ལམ་	གམ་	PART
གྱི་	གི་	PART
ངོ་བོ་	ངོ་བོ་	NOUN
།		PUNCT
སྦྱོར་ལམ་	སྦྱོར་ལམ་	NOUN
ངེས་འབྱེད་	ངེས་འབྱེད་	NO_POS
བསྟན་པ་	བསྟན་པ་	VERB
འོ་	གོ་	PART
། །		PUNCT
དང་པོ་	དང་པོ་	ADJ
ཉན་ཐོས་	ཉན་ཐོས་	NOUN
དང་	དང་	NO_POS
ཁྱད་པར་	ཁྱད་པར་	NOUN
བསྟན་པ་	བསྟན་པ་	VERB
ནི་	ནི་	NO_POS
།		PUNCT
རང་བྱུང་	རང་བྱུང་	NOUN
བདག་ཉིད་	བདག་ཉིད་	NOUN
རྟོགས་པ་	རྟོགས་པ་	VERB
འི་	གི་	PART
ཕྱི་	ཕྱི་	OTHER
།།		PUNCT
གཞན་	གཞན་	DET
གྱིས་	གིས་	PART
བསྟན་	བསྟན་	VERB
ཡང་	ཀྱང་	PART
མི་	མི་	PART
དགོས་	དགོས་	VERB
ལ་	ལ་	PART
།།		PUNCT
བསེ་རུ་	བསེ་རུ་	NOUN
ལྟ་བུ་	ལྟ་བུ་	NOUN
འི་	གི་	PART
ཡེ་ཤེས་	ཡེ་ཤེས་	NOUN
ནི་	ནི་	NO_POS
།།		PUNCT
ཟབ་པ་	ཟབ་པ་	VERB
ཉིད་	ཉིད་	DET
དུ་	ལ་	PART
མངོན་པ་	མངོན་པ་	OTHER
བརྗོད་	བརྗོད་	VERB
།།		PUNCT
		
ཅེས་	ཅེས་	PART
སོ་	གོ་	PART
།།		PUNCT
གཉིས་པ་	གཉིས་པ་	NUM
སྒྲ་མེད་པ་	སྒྲ་མེད་པ་	NO_POS
ར་	ལ་	PART
ཆོས་སྟོན་	ཆོས་སྟོན་	NOUN
ཚུལ་	ཚུལ་	NOUN
ནི་	ནི་	NO_POS
།		PUNCT
གང་	གང་	NO_POS
གང་	གང་	NO_POS
དོན་	དོན་	NOUN
ནི་	ནི་	NO_POS
གང་	གང་	NO_POS
གང་	གང་	NO_POS
ལ་	ལ་	PART
།།		PUNCT
ཇི་ལྟ་	ཇི་ལྟ་	ADJ
ཇི་ལྟ་		
ཉན་	ཉན་	VERB
འདོད་པ་	འདོད་པ་	VERB
།།		PUNCT
དེ་དེ་	དེ་དེ་	NO_POS
ལ་དོན་	ལ་དོན་	OTHER
དེ་	སྟེ་	PART
དང་	དང་	NO_POS
དེ་	སྟེ་	PART
།།		PUNCT
སྒྲ་མེད་	སྒྲ་མེད་	NO_POS
ཀྱང་	ཀྱང་	PART
དེ་དེ་	དེ་དེ་	NO_POS
ལྟ་	ལྟ་	OTHER
སྣང་	སྣང་	VERB
།།		PUNCT
		
ཞེ་	ཅེས་	PART
སོ་	གོ་	PART
།།		PUNCT
གསུམ་པ་	གསུམ་པ་	NUM
ལམ་	གམ་	PART
གྱི་	གི་	PART
ངོ་བོ་	ངོ་བོ་	NOUN
ནི་	ནི་	NO_POS
།		PUNCT
གཟུང་	གཟུང་	VERB
དོན་	དོན་	NOUN
རྟོག་པ་	རྟོག་པ་	VERB
སྤོང་	སྤོང་	VERB
ཕྱི་	ཕྱི་	OTHER
དང་	དང་	NO_POS
།།		PUNCT
འཛིན་པ་	འཛིན་པ་	VERB
མི་	མི་	PART
སྤོང་	སྤོང་	VERB
ཕྱི་	ཕྱི་	OTHER
དང་	དང་	NO_POS
ནི་	ནི་	NO_POS
།།		PUNCT
རྟེན་	རྟེན་	NOUN
གྱིས་	གིས་	PART
བསེ་རུ་	བསེ་རུ་	NOUN
ལྟ་བུ་	ལྟ་བུ་	NOUN
འི་	གི་	PART
ལམ་	གམ་	PART
།།		PUNCT
ཡང་དག་	ཡང་དག་	ADJ
བསྡུས་པ་	བསྡུས་པ་	VERB
ར་	ལ་	PART
ཤེས་པ་	ཤེས་པ་	VERB
ར་	ལ་	PART
བྱ་	བྱ་	VERB
།།		PUNCT
		
ཞེ་	ཅེས་	PART
སོ་	གོ་	PART
།།		PUNCT
བཞི་པ་	བཞི་པ་	ADJ
སྦྱོར་ལམ་	སྦྱོར་ལམ་	NOUN
ངེས་འབྱེད་	ངེས་འབྱེད་	NO_POS
བསྟན་པ་	བསྟན་པ་	VERB
ནི་	ནི་	NO_POS
།		PUNCT
བཏགས་པ་	བཏགས་པ་	VERB
འི་	གི་	PART
ཆོས་ཉིད་	ཆོས་ཉིད་	NOUN
མི་འགལ་བ་	མི་འགལ་བ་	NO_POS
ར་	ལ་	PART
།།		PUNCT
སྟོན་པ་	སྟོན་པ་	NOUN
འི་	གི་	PART
རྣམ་པ་	རྣམ་པ་	NOUN
དྲོ་	དྲོ་	NOUN
ར་	ལ་	PART
གྱུར་པ་	གྱུར་པ་	VERB
།།		PUNCT
རྩེ་མོ་	རྩེ་མོ་	NOUN
ར་	ལ་	PART
གྱུར་པ་	གྱུར་པ་	VERB
གཟུགས་	གཟུགས་	NOUN
ལ་སོགས་	ལ་སོགས་	NO_POS
།།		PUNCT
འགྲིབ་པ་	འགྲིབ་པ་	VERB
མེད་	མེད་	VERB
ལ་སོགས་པ་	ལ་སོགས་པ་	NO_POS
ས་	གིས་	PART
ཕྱེ་	ཕྱེ་	VERB
།།		PUNCT
		
ནང་	ནང་	NOUN
སྟོང་ཉིད་	སྟོང་ཉིད་	NOUN
ལ་སོགས་པ་	ལ་སོགས་པ་	NO_POS
ཡི་	གིས་	PART
།།		PUNCT
གཟུགས་	གཟུགས་	NOUN
སོགས་	སོགས་	DET
མི་	མི་	PART
འཛིན་	འཛིན་	VERB
ཕྱི་	ཕྱི་	OTHER
བཟོད་པ་	བཟོད་པ་	VERB
།།		PUNCT
གཟུགས་	གཟུགས་	NOUN
སོགས་	སོགས་	DET
སྐྱེ་བ་	སྐྱེ་བ་	VERB
མེད་	མེད་	VERB
སོགས་	སོགས་	DET
ཀྱི་	གི་	PART
།།		PUNCT
རྣམ་པ་	རྣམ་པ་	NOUN
ཅན་	ཅན་	PART
ནི་	ནི་	NO_POS
ཆོ་	ཆོ་	NOUN
ཀྱི་	གི་	PART
མཆོག་	མཆོག་	ADJ
།		PUNCT
		
ཅེས་	ཅེས་	PART
སོ་	གོ་	PART
།།		PUNCT
གསུམ་པ་	གསུམ་པ་	NUM
བྱང་ཆུབ་	བྱང་ཆུབ་	NOUN
སེམས་དཔ་	སེམས་དཔའ་	NOUN
འི་	གི་	PART
ལམ་	གམ་	PART
ལ་	ལ་	PART
གཉིས་	གཉིས་	NUM
།		PUNCT
མཐོང་ལམ་	མཐོང་ལམ་	NOUN
ཁྱད་པར་ཅན་	ཁྱད་པར་ཅན་	ADJ
དང་	དང་	NO_POS
།		PUNCT
བསྒོམ་	བསྒོམ་	VERB
ལམ་	གམ་	PART
མོ་	གོ་	PART
། །		PUNCT
དང་པོ་	དང་པོ་	ADJ
མཐོང་ལམ་	མཐོང་ལམ་	NOUN
ཁྱད་པར་ཅན་	ཁྱད་པར་ཅན་	ADJ
ལ་	ལ་	PART
གཉིས་	གཉིས་	NUM
།		PUNCT
མདོ་	མདོ་	NOUN
ར་	ལ་	PART
བསྟན་པ་	བསྟན་པ་	VERB
དང་	དང་	NO_POS
།		PUNCT
རྒྱས་པ་	རྒྱས་པ་	VERB
ར་	ལ་	PART
བཤད་པ་	བཤད་པ་	VERB
འོ་	གོ་	PART
།།		PUNCT
དང་པོ་	དང་པོ་	ADJ
མདོ་	མདོ་	NOUN
ར་	ལ་	PART
བསྟན་	བསྟན་	VERB
ནི་	ནི་	NO_POS
།		PUNCT
བདེན་	བདེན་	VERB
དང་	དང་	NO_POS
བདེན་	བདེན་	VERB
ལ་	ལ་	PART
བཟོད་པ་	བཟོད་པ་	VERB
དང་	དང་	NO_POS
།།		PUNCT
ཤེས་པ་	ཤེས་པ་	VERB
འི་	གི་	PART
སྐད་ཅིག་	སྐད་ཅིག་	OTHER
རྣམ་	རྣམ་	NOUN
བཞི་	བཞི་	NUM
ཡི་	གིས་	PART
།།		PUNCT
ལམ་ཤེས་	ལམ་ཤེས་	NO_POS
ཉིད་	ཉིད་	DET
ལ་	ལ་	PART
མཐོང་བ་	མཐོང་བ་	VERB
འི་	གི་	PART
ལམ་	གམ་	PART
།།		PUNCT
ཕན་ཡོན་	ཕན་ཡོན་	NOUN
བཅས་པ་	བཅས་པ་	VERB
འདི་	འདི་	DET
བཤད་	བཤད་	VERB
དོ་	གོ་	PART
།།		PUNCT
		
ཞེ་	ཅེས་	PART
སོ་	གོ་	PART
།།		PUNCT
གཉིས་པ་	གཉིས་པ་	NUM
རྒྱས་བཤད་	རྒྱས་བཤད་	NOUN
ནི་	ནི་	NO_POS
།		PUNCT
དེ་བཞིན་ཉིད་	དེ་བཞིན་ཉིད་	NOUN
དང་	དང་	NO_POS
སངས་རྒྱས་	སངས་རྒྱས་	NOUN
དང་	དང་	NO_POS
།།		PUNCT
ཕན་ཚུན་	ཕན་ཚུན་	ADV
རྟེན་པ་	རྟེན་པ་	VERB
རྟེན་	རྟེན་	NOUN
མེད་	མེད་	VERB
ཕྱི་	ཕྱི་	OTHER
།།		PUNCT
རྣམ་	རྣམ་	NOUN
གྲངས་	གྲངས་	NOUN
ཁ་	ཁ་	PRON
ས་	གིས་	PART
མི་	མི་	PART
ལེན་པ་	ལེན་པ་	VERB
དང་	དང་	NO_POS
།།		PUNCT
ཆེན་པོ་	ཆེན་པོ་	ADJ
ཚད་མ་	ཚད་མ་	NOUN
མེད་	མེད་	VERB
བཅའ་	བཅའ་	VERB
དང་	དང་	NO_POS
།།		PUNCT
		
ཚད་	ཚད་	NOUN
མེད་པ་	མེད་པ་	VERB
དང་	དང་	NO_POS
མཐའ་མེད་	མཐའ་མེད་	NO_POS
དང་	དང་	NO_POS
།།		PUNCT
དེ་	དེ་	DET
ར་	ལ་	PART
གནས་	གནས་	NOUN
གཟུགས་	གཟུགས་	NOUN
ལ་སོགས་པ་	ལ་སོགས་པ་	NO_POS
ལ་	ལ་	PART
།།		PUNCT
སངས་རྒྱས་	སངས་རྒྱས་	NOUN
ཉིད་	ཉིད་	DET
དུ་	ལ་	PART
ངེས་འཛིན་	ངེས་འཛིན་	NO_POS
དང་	དང་	NO_POS
།།		PUNCT
བླང་	བླང་	NO_POS
མེད་	མེད་	VERB
དོར་བ་	དོར་བ་	VERB
མེད་	མེད་	VERB
སོགས་	སོགས་	DET
དང་	དང་	NO_POS
།།		PUNCT
		
བྱམས་	བྱམས་	VERB
ལ་སོགས་པ་	ལ་སོགས་པ་	NO_POS
སྟོང་ཉིད་	སྟོང་ཉིད་	NOUN
དང་	དང་	NO_POS
།།		PUNCT
སངས་རྒྱས་	སངས་རྒྱས་	NOUN
ཉིད་	ཉིད་	DET
ནི་	ནི་	NO_POS
འཐོབ་པ་	འཐོབ་པ་	VERB
དང་	དང་	NO_POS
།།		PUNCT
རྣམ་པ་	རྣམ་པ་	NOUN
ར་	ལ་	PART
བྱང་	བྱང་	NOUN
ཀུན་	ཀུན་	DET
ཡོངས་	ཡོངས་	DET
བསྡུ་	བསྡུ་	VERB
དང་	དང་	NO_POS
།།		PUNCT
ཉམ་ང་བ་	ཉམ་ང་བ་	NOUN
དང་	དང་	NO_POS
ནད་	ནད་	NOUN
ཀུན་	ཀུན་	DET
སེལ་	སེལ་	VERB
།།		PUNCT
		
མྱ་ངན་	མྱ་ངན་	NOUN
འདའ་	འདའ་	VERB
འཛིན་	འཛིན་	VERB
ཞི་	ཞི་	VERB
ཉིད་	ཉིད་	DET
དང་	དང་	NO_POS
།།		PUNCT
སངས་རྒྱས་	སངས་རྒྱས་	NOUN
རྣམས་	རྣམས་	DET
ཀྱིས་	གིས་	PART
བསྲུང་	བསྲུང་	NO_POS
ལ་སོགས་	ལ་སོགས་	NO_POS
།།		PUNCT
སྲོག་	སྲོག་	NOUN
མི་	མི་	PART
གཅོད་པ་	གཅོད་པ་	VERB
ལ་སོགས་པ་	ལ་སོགས་པ་	NO_POS
།།		PUNCT
རྣམ་པ་	རྣམ་པ་	NOUN
ཀུན་མཁྱེན་	ཀུན་མཁྱེན་	OTHER
ཚུལ་	ཚུལ་	NOUN
ལ་	ལ་	PART
ནི་	ནི་	NO_POS
།།		PUNCT
		
བདག་ཉིད་	བདག་ཉིད་	NOUN
གནས་	གནས་	NOUN
ཏེ་	སྟེ་	PART
སེམས་ཅན་	སེམས་ཅན་	NOUN
དག་	དག་	DET
།		PUNCT
འགོད་	འགོད་	NO_POS
དང་	དང་	NO_POS
སྦྱིན་པ་	སྦྱིན་པ་	VERB
ལ་སོགས་པ་	ལ་སོགས་པ་	NO_POS
།།		PUNCT
རྫོགས་པ་	རྫོགས་པ་	VERB
འི་	གི་	PART
བྱང་ཆུབ་	བྱང་ཆུབ་	NOUN
ཏུ་	ལ་	PART
བསྔོ་བ་	བསྔོ་བ་	VERB
།།		PUNCT
ལམ་ཤེས་	ལམ་ཤེས་	NO_POS
ཉིད་	ཉིད་	DET
ཀྱི་	གི་	PART
སྐད་ཅིག་མ་	སྐད་ཅིག་མ་	ADJ
།།		PUNCT
		
ཞེ་	ཅེས་	PART
སོ་	གོ་	PART
།།		PUNCT
གཉིས་པ་	གཉིས་པ་	NUM
བསྒོམ་	བསྒོམ་	VERB
ལམ་	གམ་	PART
ལ་	ལ་	PART
གཉིས་	གཉིས་	NUM
།		PUNCT
བསྒོམ་	བསྒོམ་	VERB
ལམ་	གམ་	PART
གྱི་	གི་	PART
བྱེད་པ་	བྱེད་པ་	VERB
དང་	དང་	NO_POS
།		PUNCT
བྱེད་པ་	བྱེད་པ་	VERB
ཅན་	ཅན་	PART
གྱི་	གི་	PART
བསྒོམ་	བསྒོམ་	VERB
ལམ་	གམ་	PART
མོ་	གོ་	PART
། །		PUNCT
དང་པོ་	དང་པོ་	ADJ
བསྒོམ་	བསྒོམ་	VERB
ལམ་	གམ་	PART
གྱི་	གི་	PART
བྱེད་པ་	བྱེད་པ་	VERB
ནི་	ནི་	NO_POS
།		PUNCT
ཀུན་	ཀུན་	DET
ན་	ནས་	PART
ཞི་	ཞི་	VERB
དང་	དང་	NO_POS
ཐམས་ཅད་	ཐམས་ཅད་	DET
ལ་	ལ་	PART
།།		PUNCT
བདུད་	བདུད་	NOUN
དང་	དང་	NO_POS
ཉོན་མོངས་	ཉོན་མོངས་	NOUN
ལ་	ལ་	ADP
ས་	གིས་	PART
རྒྱལ་	རྒྱལ་	VERB
དང་	དང་	NO_POS
།།		PUNCT
གནོད་པ་	གནོད་པ་	VERB
ས་	གིས་	PART
བརྫི་བ་	བརྫི་བ་	VERB
མེད་	མེད་	VERB
ཉིད་	ཉིད་	DET
དང་	དང་	NO_POS
།།		PUNCT
བྱང་ཆུབ་	བྱང་ཆུབ་	NOUN
དང་	དང་	NO_POS
ནི་	ནི་	NO_POS
རྟེན་	རྟེན་	NOUN
མཆོད་	མཆོད་	VERB
ཉིད་	ཉིད་	DET
།།		PUNCT
		
ཅེས་	ཅེས་	PART
སོ་	གོ་	PART
།།		PUNCT
གཉིས་པ་	གཉིས་པ་	NUM
བྱེད་པ་	བྱེད་པ་	VERB
ཅན་	ཅན་	PART
གྱི་	གི་	PART
བསྒོམ་	བསྒོམ་	VERB
ལམ་	གམ་	PART
ལ་	ལ་	PART
གཉིས་	གཉིས་	NUM
།		PUNCT
ཟག་བཅས་	ཟག་བཅས་	NOUN
དང་	དང་	NO_POS
།		PUNCT
ཟག་མེད་	ཟག་མེད་	ADJ
དོ་	གོ་	PART
། །		PUNCT
དང་པོ་	དང་པོ་	ADJ
ཟག་བཅས་	ཟག་བཅས་	NOUN
བསྒོམ་	བསྒོམ་	VERB
ལམ་	གམ་	PART
ལ་	ལ་	PART
བཞི་	བཞི་	NUM
སྟེ་	སྟེ་	PART
།		PUNCT
མོས་པ་	མོས་པ་	VERB
བསྒོམ་པ་	བསྒོམ་པ་	VERB
དང་	དང་	NO_POS
།		PUNCT
དེ་	སྟེ་	PART
ལ་	ལ་	PART
བསྟོད་བཀུར་	བསྟོད་བཀུར་	NO_POS
བསྔགས་པ་	བསྔགས་པ་	VERB
དང་	དང་	NO_POS
།		PUNCT
བསྔོ་བ་	བསྔོ་བ་	VERB
དང་	དང་	NO_POS
།		PUNCT
ཡི་	གི་	PART
རང་བ་	རང་བ་	VERB
འོ་	གོ་	PART
། །		PUNCT
དང་པོ་	དང་པོ་	ADJ
མོས་པ་	མོས་པ་	VERB
བསྒོམ་པ་	བསྒོམ་པ་	VERB
ནི་	ནི་	NO_POS
།		PUNCT
མོས་པ་	མོས་པ་	VERB
རང་	རང་	PRON
གི་	གི་	PART
དོན་	དོན་	NOUN
དང་	དང་	NO_POS
ནི་	ནི་	NO_POS
།།		PUNCT
རང་གཞན་	རང་གཞན་	NOUN
དོན་	དོན་	NOUN
དང་	དང་	NO_POS
གཞན་དོན་	གཞན་དོན་	NOUN
དང་	དང་	NO_POS
།།		PUNCT
རྣམ་	རྣམ་	NOUN
གསུམ་	གསུམ་	NUM
ཤེས་བྱ་	ཤེས་བྱ་	VERB
དེ་ཡང་	དེ་ཡང་	ADV
ནི་	ནི་	NO_POS
།།		PUNCT
ཆུང་	ཆུང་	VERB
དང་	དང་	NO_POS
འབྲིང་	འབྲིང་	NOUN
དང་	དང་	NO_POS
ཆེན་པོ་	ཆེན་པོ་	ADJ
སྟེ་	སྟེ་	PART
།།		PUNCT
		
སོ་སོ་	སོ་སོ་	PRON
ར་	ལ་	PART
རྣམ་པ་	རྣམ་པ་	NOUN
གསུམ་	གསུམ་	NUM
དུ་	ལ་	PART
འདོད་	འདོད་	VERB
།།		PUNCT
ཆུང་ངུ་	ཆུང་ངུ་	ADJ
འི་	གི་	PART
ཆུང་	ཆུང་	VERB
སོགས་	སོགས་	DET
དབྱེ་བ་	དབྱེ་བ་	VERB
ཡི་	གིས་	PART
།།		PUNCT
དེ་ཡང་	དེ་ཡང་	ADV
རྣམ་	རྣམ་	NOUN
གསུམ་	གསུམ་	NUM
དེ་ལྟ་	དེ་ལྟ་	NO_POS
ན་	ལ་	PART
།།		PUNCT
རྣམ་པ་	རྣམ་པ་	NOUN
ཉི་ཤུ་	ཉི་ཤུ་	NUM
བདུན་	བདུན་	NUM
དུ་	ལ་	PART
འདོད་	འདོད་	VERB
།།		PUNCT
		
ཅེས་	ཅེས་	PART
སོ་	གོ་	PART
།།		PUNCT
གཉིས་པ་	གཉིས་པ་	NUM
དེ་	སྟེ་	PART
ལ་	ལ་	PART
བསྟོད་བཀུར་	བསྟོད་བཀུར་	NO_POS
བསྔགས་པ་	བསྔགས་པ་	VERB
ནི་	ནི་	NO_POS
།		PUNCT
ཤེས་རབ་	ཤེས་རབ་	NOUN
ཕ་རོལ་	ཕ་རོལ་	NOUN
ཕྱིན་པ་	ཕྱིན་པ་	VERB
ལ་	ལ་	PART
།།		PUNCT
མོས་པ་	མོས་པ་	VERB
འི་	གི་	PART
གནས་སྐབས་	གནས་སྐབས་	NOUN
རྣམས་	རྣམས་	DET
ལ་	ལ་	PART
ནི་	ནི་	NO_POS
།།		PUNCT
དགུ་	དགུ་	NUM
ཚན་	ཚན་	NOUN
གསུམ་	གསུམ་	NUM
གྱིས་	གིས་	PART
བསྟོད་པ་	བསྟོད་པ་	VERB
དང་	དང་	NO_POS
།།		PUNCT
བཀུར་བ་	བཀུར་བ་	VERB
དང་	དང་	NO_POS
ནི་	ནི་	NO_POS
བསྔགས་པ་	བསྔགས་པ་	VERB
ར་	ལ་	PART
འདོད་	འདོད་	VERB
།།		PUNCT
		
ཅེས་	ཅེས་	PART
སོ་	གོ་	PART
།།		PUNCT
གསུམ་པ་	གསུམ་པ་	NUM
བསྔོ་བ་	བསྔོ་བ་	VERB
ལ་	ལ་	PART
དྲུག་	དྲུག་	NUM
།		PUNCT
ངོ་བོ་	ངོ་བོ་	NOUN
དང་	དང་	NO_POS
།		PUNCT
རྣམ་པ་	རྣམ་པ་	NOUN
དང་	དང་	NO_POS
།		PUNCT
མཚན་ཉིད་	མཚན་ཉིད་	NOUN
དང་	དང་	NO_POS
།		PUNCT
ཐབས་	ཐབས་	NOUN
དང་	དང་	NO_POS
འབྲེལ་བ་	འབྲེལ་བ་	VERB
དང་	དང་	NO_POS
།		PUNCT
མི་	མི་	PART
མཐུན་	མཐུན་	VERB
ཕྱོགས་	ཕྱོགས་	NOUN
སྤང་བ་	སྤང་བ་	VERB
དང་	དང་	NO_POS
།		PUNCT
དབྱེ་བ་	དབྱེ་བ་	VERB
ཕན་ཡོན་	ཕན་ཡོན་	NOUN
དང་	དང་	NO_POS
བཅས་པ་	བཅས་པ་	VERB
འོ་	གོ་	PART
། །		PUNCT
དང་པོ་	དང་པོ་	ADJ
ངོ་བོ་	ངོ་བོ་	NOUN
ནི་	ནི་	NO_POS
།		PUNCT
ཡོངས་སུ་	ཡོངས་སུ་	NO_POS
བསྔོ་བ་	བསྔོ་བ་	VERB
ཁྱད་པར་ཅན་	ཁྱད་པར་ཅན་	ADJ
།།		PUNCT
དེ་	སྟེ་	PART
ཡི་	གི་	PART
བྱེད་པ་	བྱེད་པ་	VERB
མཆོག་	མཆོག་	ADJ
ཡིན་	ཡིན་	NO_POS
ནོ་	གོ་	PART
།།		PUNCT
ཞེ་	ཅེས་	PART
སོ་	གོ་	PART
།།		PUNCT
གཉིས་པ་	གཉིས་པ་	NUM
རྣམ་པ་	རྣམ་པ་	NOUN
ནི་	ནི་	NO_POS
།		PUNCT
དེ་	སྟེ་	PART
ནི་	ནི་	NO_POS
དམིགས་མེད་	དམིགས་མེད་	NO_POS
རྣམ་པ་	རྣམ་པ་	NOUN
ཅན་	ཅན་	PART
།།		PUNCT
		
ཞེ་	ཅེས་	PART
སོ་	གོ་	PART
།།		PUNCT
གསུམ་པ་	གསུམ་པ་	NUM
མཚན་ཉིད་	མཚན་ཉིད་	NOUN
ནི་	ནི་	NO_POS
།		PUNCT
ཕྱིན་	ཕྱིན་	VERB
ཅི་	ཅི་	NO_POS
མ་	མ་	PART
ལོག་	ལོག་	VERB
མཚན་ཉིད་	མཚན་ཉིད་	NOUN
དོ་	གོ་	PART
།།		PUNCT
ཅེས་	ཅེས་	PART
སོ་	གོ་	PART
།།		PUNCT
བཞི་པ་	བཞི་པ་	ADJ
ཐབས་	ཐབས་	NOUN
དང་	དང་	NO_POS
འབྲེལ་བ་	འབྲེལ་བ་	VERB
ནི་	ནི་	NO_POS
།		PUNCT
དབེན་	དབེན་	VERB
དང་	དང་	NO_POS
སངས་རྒྱས་	སངས་རྒྱས་	NOUN
བསོད་ནམས་	བསོད་ནམས་	NOUN
ཚོགས་	ཚོགས་	NOUN
།།		PUNCT
རང་བཞིན་	རང་བཞིན་	NOUN
དྲན་པ་	དྲན་པ་	VERB
འི་	གི་	PART
སྤྱོད་ཡུལ་	སྤྱོད་ཡུལ་	NOUN
ཅན་	ཅན་	PART
།།		PUNCT
ཐབས་	ཐབས་	NOUN
བཅའ་	བཅའ་	VERB
མཚན་མ་	མཚན་མ་	NOUN
མེད་པ་	མེད་པ་	VERB
དང་	དང་	NO_POS
།།		PUNCT
སངས་རྒྱས་	སངས་རྒྱས་	NOUN
རྗེས་སུ་	རྗེས་སུ་	OTHER
ཡི་	གི་	PART
རང་	རང་	PRON
དང་	དང་	NO_POS
།།		PUNCT
		
ཞེ་	ཅེས་	PART
སོ་	གོ་	PART
།།		PUNCT
ལྔ་པ་	ལྔ་པ་	NUM
མི་	མི་	PART
མཐུན་	མཐུན་	VERB
ཕྱོགས་	ཕྱོགས་	NOUN
སྤང་བ་	སྤང་བ་	VERB
ནི་	ནི་	NO_POS
།		PUNCT
ཁམས་	ཁམས་	NOUN
གསུམ་	གསུམ་	NUM
རྟོགས་པ་	རྟོགས་པ་	VERB
མ་	མ་	PART
ཡིན་	ཡིན་	NO_POS
དང་	དང་	NO_POS
།།		PUNCT
ཞེ་	ཅེས་	PART
སོ་	གོ་	PART
།།		PUNCT
དྲུག་པ་	དྲུག་པ་	NUM
དབྱེ་བ་	དབྱེ་བ་	VERB
ཕན་ཡོན་	ཕན་ཡོན་	NOUN
དང་	དང་	NO_POS
བཅས་པ་	བཅས་པ་	VERB
ནི་	ནི་	NO_POS
།		PUNCT
ཆུང་	ཆུང་	VERB
དང་	དང་	NO_POS
འབྲིང་	འབྲིང་	NOUN
དང་	དང་	NO_POS
ཆེན་པོ་	ཆེན་པོ་	ADJ
ཡི་	གི་	PART
།།		PUNCT
བསྔོ་བ་	བསྔོ་བ་	VERB
གཞན་	གཞན་	DET
ནི་	ནི་	NO_POS
རྣམ་	རྣམ་	NOUN
གསུམ་པོ་	གསུམ་པོ་	NUM
།།		PUNCT
བསོད་ནམས་	བསོད་ནམས་	NOUN
ཆེ་	ཆེ་	VERB
འབྱུང་	འབྱུང་	VERB
བདག་ཉིད་	བདག་ཉིད་	NOUN
དོ་	གོ་	PART
།།		PUNCT
		
ཅེས་	ཅེས་	PART
སོ་	གོ་	PART
།།		PUNCT
བཞི་པ་	བཞི་པ་	ADJ
རྗེས་སུ་	རྗེས་སུ་	OTHER
ཡི་	གི་	PART
རང་བ་	རང་བ་	VERB
ནི་	ནི་	NO_POS
།		PUNCT
ཐབས་	ཐབས་	NOUN
དང་	དང་	NO_POS
མི་	མི་	PART
དམིགས་པ་	དམིགས་པ་	VERB
དག་	དག་	DET
གིས་	གིས་	PART
།།		PUNCT
དགེ་བ་	དགེ་བ་	VERB
འི་	གི་	PART
རྩ་	རྩ་	NUM
ལ་	ལ་	PART
ཡི་	གི་	PART
རང་བ་	རང་བ་	VERB
།།		PUNCT
རྗེས་སུ་	རྗེས་སུ་	OTHER
ཡི་	གི་	PART
རང་	རང་	PRON
ཡིད་བྱེད་པ་	ཡིད་བྱེད་པ་	NO_POS
།།		PUNCT
བསྒོམ་པ་	བསྒོམ་པ་	VERB
ཡིན་པ་	ཡིན་པ་	AUX
ར་	ལ་	PART
འདི་	འདི་	DET
ར་	ལ་	PART
བརྗོད་	བརྗོད་	VERB
དོ་	གོ་	PART
།།		PUNCT
		
ཞེ་	ཅེས་	PART
སོ་	གོ་	PART
།།		PUNCT
གཉིས་པ་	གཉིས་པ་	NUM
ཟག་མེད་	ཟག་མེད་	ADJ
བསྒོམ་	བསྒོམ་	VERB
ལམ་	གམ་	PART
ལ་	ལ་	PART
གསུམ་	གསུམ་	NUM
།		PUNCT
བསྒོམ་	བསྒོམ་	VERB
ལམ་	གམ་	PART
དངོ་	དངོ་	NOUN
བསྒྲུབ་པ་	བསྒྲུབ་པ་	VERB
།		PUNCT
དེ་	སྟེ་	PART
ལ་མོ་	ལ་མོ་	OTHER
ས་	གིས་	PART
མི་མོ་	མི་མོ་	NO_POS
ས་	གིས་	PART
ཀྱི་	གི་	PART
རྒྱུ་	རྒྱུ་	NOUN
།		PUNCT
རྣམ་དག་	རྣམ་དག་	ADJ
གོ་	གོ་	PART
།		PUNCT
དང་པོ་	དང་པོ་	ADJ
བསྒོམ་	བསྒོམ་	VERB
ལམ་	གམ་	PART
དངོ་	དངོ་	NOUN
བསྒྲུབ་པ་	བསྒྲུབ་པ་	VERB
ནི་	ནི་	NO_POS
།		PUNCT
དེ་	སྟེ་	PART
ཡི་	གི་	PART
ངོ་བོ་	ངོ་བོ་	NOUN
ཉིད་	ཉིད་	DET
མཆོག་ཉིད་	མཆོག་ཉིད་	NOUN
།།		PUNCT
ཀུན་	ཀུན་	DET
ལ་	ལ་	PART
མངོན་པ་	མངོན་པ་	OTHER
འདུ་	འདུ་	VERB
མི་	མི་	PART
བྱེད་	བྱེད་	VERB
།།		PUNCT
ཆོ་	ཆོ་	NOUN
རྣམས་	རྣམས་	DET
དམིགས་	དམིགས་	VERB
སུ་	ལ་	PART
མེད་པ་	མེད་པ་	VERB
ར་	ལ་	PART
ནི་	ནི་	NO_POS
།།		PUNCT
གཏོད་པ་	གཏོད་པ་	VERB
ར་	ལ་	PART
བྱེད་པ་	བྱེད་པ་	VERB
དོན་	དོན་	NOUN
ཆེན་	ཆེན་	NO_POS
ཉིད་	ཉིད་	DET
།།		PUNCT
		
ཅེས་	ཅེས་	PART
སོ་	གོ་	PART
།།		PUNCT
གཉིས་པ་	གཉིས་པ་	NUM
དེ་	སྟེ་	PART
ལ་མོ་	ལ་མོ་	OTHER
ས་	གིས་	PART
མི་མོ་	མི་མོ་	NO_POS
ས་	གིས་	PART
ཀྱི་	གི་	PART
རྒྱུ་	རྒྱུ་	NOUN
ནི་	ནི་	NO_POS
།		PUNCT
སངས་རྒྱས་	སངས་རྒྱས་	NOUN
བསྟེན་	བསྟེན་	VERB
དང་	དང་	NO_POS
སྦྱིན་	སྦྱིན་	VERB
སོགས་	སོགས་	DET
དང་	དང་	NO_POS
།།		PUNCT
ཐབས་	ཐབས་	NOUN
ལ་	ལ་	PART
མཁས་པ་	མཁས་པ་	VERB
གང་ཡིན་པ་	གང་ཡིན་པ་	NO_POS
།།		PUNCT
འདི་	འདི་	DET
ལ་མོ་	ལ་མོ་	OTHER
ས་པ་	ས་པ་	PART
འི་	གི་	PART
རྒྱུ་དག་	རྒྱུ་དག་	NO_POS
ཡིན་	ཡིན་	NO_POS
།།		PUNCT
ཆོ་	ཆོ་	NOUN
ཀྱིས་	གིས་	PART
ཕོངས་པ་	ཕོངས་པ་	VERB
འི་	གི་	PART
རྒྱུ་དག་	རྒྱུ་དག་	NO_POS
ནི་	ནི་	NO_POS
།།		PUNCT
		
བདུད་	བདུད་	NOUN
ཀྱི་	གི་	PART
ཐིབས་	ཐིབས་	VERB
ཀྱིས་	གིས་	PART
ནོན་པ་	ནོན་པ་	VERB
དང་	དང་	NO_POS
།།		PUNCT
ཟབ་མོ་	ཟབ་མོ་	ADJ
འི་	གི་	PART
ཆོ་	ཆོ་	NOUN
ལ་མ་	ལ་མ་	NO_POS
མོ་	མོ་	VERB
དང་	དང་	NO_POS
།།		PUNCT
ཕུང་པོ་	ཕུང་པོ་	NOUN
ལ་སོགས་	ལ་སོགས་	NO_POS
མངོན་ཞེན་	མངོན་ཞེན་	NOUN
དང་	དང་	NO_POS
།།		PUNCT
སྡིག་པ་	སྡིག་པ་	VERB
འི་	གི་	PART
གྲོཌ་པོ་	གྲོཌ་པོ་	NON_WORD
ས་	གིས་	PART
ཡོངས་	ཡོངས་	DET
ཟིན་པ་	ཟིན་པ་	VERB
འོ་	གོ་	PART
།།		PUNCT
		
ཞེ་	ཅེས་	PART
སོ་	གོ་	PART
།།		PUNCT
གསུམ་པ་	གསུམ་པ་	NUM
རྣམ་དག་	རྣམ་དག་	ADJ
ལ་	ལ་	PART
བཞི་	བཞི་	NUM
སྟེ་	སྟེ་	PART
།		PUNCT
རྣམ་དག་	རྣམ་དག་	ADJ
སྤྱི་		
བསྟན་	བསྟན་	VERB
།		PUNCT
ཁྱད་པར་	ཁྱད་པར་	NOUN
བསྟན་པ་	བསྟན་པ་	VERB
།		PUNCT
ཐེག་དམན་	ཐེག་དམན་	NOUN
གྱི་	གི་	PART
ཤིན་ཏུ་	ཤིན་ཏུ་	NO_POS
དག་པ་	དག་པ་	VERB
དང་	དང་	NO_POS
།		PUNCT
ཐེག་ཆེན་	ཐེག་ཆེན་	NOUN
གྱི་	གི་	PART
ཤིན་ཏུ་	ཤིན་ཏུ་	NO_POS
དག་པ་	དག་པ་	VERB
འོ་	གོ་	PART
། །		PUNCT
དང་པོ་	དང་པོ་	ADJ
རྣམ་དག་	རྣམ་དག་	ADJ
སྤྱི་		
བསྟན་པ་	བསྟན་པ་	VERB
ནི་	ནི་	NO_POS
།		PUNCT
འབྲས་བུ་	འབྲས་བུ་	NOUN
དག་པ་	དག་པ་	VERB
གཟུགས་	གཟུགས་	NOUN
ལ་སོགས་	ལ་སོགས་	NO_POS
།།		PUNCT
དག་པ་	དག་པ་	VERB
ཉིད་	ཉིད་	DET
དེ་	སྟེ་	PART
གང་	གང་	NO_POS
གི་	གི་	PART
ཕྱི་	ཕྱི་	OTHER
།།		PUNCT
དེ་	སྟེ་	PART
གཉིས་	གཉིས་	NUM
ཐ་དད་	ཐ་དད་	ADJ
མ་	མ་	PART
ཡིན་	ཡིན་	NO_POS
ཞིང་	ཅིང་	PART
།།		PUNCT
བཅད་	བཅད་	VERB
དུ་	ལ་	PART
མེད་པ་	མེད་པ་	VERB
ས་	གིས་	PART
དག་པ་	དག་པ་	VERB
ར་	ལ་	PART
བརྗོད་	བརྗོད་	VERB
།།		PUNCT
		
ཅེས་	ཅེས་	PART
སོ་	གོ་	PART
།།		PUNCT
གཉིས་པ་	གཉིས་པ་	NUM
ཁྱད་པར་	ཁྱད་པར་	NOUN
བསྟན་པ་	བསྟན་པ་	VERB
ནི་	ནི་	NO_POS
།		PUNCT
ཉོན་མོངས་	ཉོན་མོངས་	NOUN
ཤེས་བྱ་	ཤེས་བྱ་	VERB
ལམ་	གམ་	PART
གསུམ་	གསུམ་	NUM
གྱི་	གི་	PART
།།		PUNCT
ཉམས་	ཉམས་	NOUN
ཕྱི་	ཕྱི་	OTHER
སློབ་མ་	སློབ་མ་	NOUN
བསེ་རུ་	བསེ་རུ་	NOUN
དང་	དང་	NO_POS
།།		PUNCT
རྒྱལ་སྲས་	རྒྱལ་སྲས་	NOUN
རྣམས་	རྣམས་	DET
ཀྱི་	གི་	PART
དག་པ་	དག་པ་	VERB
སྟེ་	སྟེ་	PART
།།		PUNCT
སངས་རྒྱས་	སངས་རྒྱས་	NOUN
རྣམ་ཀུན་	རྣམ་ཀུན་	NO_POS
ཤིན་ཏུ་བ་	ཤིན་ཏུ་བ་	NO_POS
།།		PUNCT
		
ཞེ་	ཅེས་	PART
སོ་	གོ་	PART
།།		PUNCT
གསུམ་པ་	གསུམ་པ་	NUM
ཐེག་དམན་	ཐེག་དམན་	NOUN
གྱི་	གི་	PART
ཤིན་ཏུ་	ཤིན་ཏུ་	NO_POS
དག་པ་	དག་པ་	VERB
ནི་	ནི་	NO_POS
།		PUNCT
ས་	ས་	ADP
དགུ་	དགུ་	NUM
ལ་	ལ་	PART
ནི་	ནི་	NO_POS
ཆེན་པོ་	ཆེན་པོ་	ADJ
ཡི་	གི་	PART
།།		PUNCT
ཆེན་པོ་	ཆེན་པོ་	ADJ
ལ་སོགས་	ལ་སོགས་	NO_POS
དྲི་མ་	དྲི་མ་	NOUN
ཡི་	གི་	PART
།།		PUNCT
གཉེན་པོ་	གཉེན་པོ་	NOUN
ཆུང་ངུ་	ཆུང་ངུ་	ADJ
འི་	གི་	PART
ཆུང་ངུ་	ཆུང་ངུ་	ADJ
ལ་	ལ་	PART
།།		PUNCT
སོགས་པ་	སོགས་པ་	DET
འི་	གི་	PART
ལམ་	གམ་	PART
ནི་	ནི་	NO_POS
དག་པ་	དག་པ་	VERB
ཡིན་	ཡིན་	NO_POS
།།		PUNCT
		
ཞེ་	ཅེས་	PART
སོ་	གོ་	PART
།།		PUNCT
བཞི་པ་	བཞི་པ་	ADJ
ཐེག་ཆེན་	ཐེག་ཆེན་	NOUN
གྱི་	གི་	PART
ཤིན་ཏུ་	ཤིན་ཏུ་	NO_POS
དག་པ་	དག་པ་	VERB
ནི་	ནི་	NO_POS
།		PUNCT
དེ་	སྟེ་	PART
ལ་	ལ་	PART
ཀླན་ཀ་	ཀླན་ཀ་	NOUN
སྤངས་པ་	སྤངས་པ་	VERB
ཡི་	གིས་	PART
།།		PUNCT
ལམ་	གམ་	PART
ནི་	ནི་	NO_POS
འཇལ་	འཇལ་	VERB
དང་	དང་	NO_POS
གཞལ་བྱ་	གཞལ་བྱ་	NOUN
དང་	དང་	NO_POS
།།		PUNCT
མཉམ་པ་ཉིད་	མཉམ་པ་ཉིད་	NOUN
ཀྱིས་	གིས་	PART
ཁམས་	ཁམས་	NOUN
གསུམ་	གསུམ་	NUM
གྱི་	གི་	PART
།།		PUNCT
གཉེན་པོ་	གཉེན་པོ་	NOUN
ཉིད་	ཉིད་	DET
དུ་	ལ་	PART
འདོད་པ་	འདོད་པ་	VERB
ཡིན་	ཡིན་	NO_POS
།།		PUNCT
		
ཞེ་	ཅེས་	PART
སོ་	གོ་	PART
།།		PUNCT
ཤེས་རབ་	ཤེས་རབ་	NOUN
ཀྱི་	གི་	PART
ཕ་རོལ་	ཕ་རོལ་	NOUN
ཏུ་	ལ་	PART
ཕྱིན་པ་	ཕྱིན་པ་	VERB
འི་	གི་	PART
མན་ངག་	མན་ངག་	NOUN
གི་	གི་	PART
བསྟན་བཅོས་	བསྟན་བཅོས་	NOUN
མངོན་པ་	མངོན་པ་	OTHER
རྟོགས་པ་	རྟོགས་པ་	VERB
འི་	གི་	PART
རྒྱན་	རྒྱན་	NOUN
གྱི་	གི་	PART
ཚིག་ལེའུ་	ཚིག་ལེའུ་	OTHER
ར་	ལ་	PART
བྱས་པ་	བྱས་པ་	VERB
ལ་	ལ་	ADP
ས་	གིས་	PART
།		PUNCT
སྐབས་	སྐབས་	NOUN
གཉིས་པ་	གཉིས་པ་	NUM
འོ་	གོ་	PART
།། །།		PUNCT
སྐབས་གསུམ་པ་	སྐབས་གསུམ་པ་	NO_POS
།		PUNCT
གཞི་ཤེས་	གཞི་ཤེས་	NO_POS
། ༄༅། །		PUNCT
གསུམ་པ་	གསུམ་པ་	NUM
ལམ་	གམ་	PART
གྱི་	གི་	PART
ཡན་ལག་	ཡན་ལག་	NOUN
གོལ་ས་	གོལ་ས་	VERB
དང་	དང་	NO_POS
བཅས་པ་	བཅས་པ་	VERB
གཞི་ཤེས་	གཞི་ཤེས་	NO_POS
ལ་	ལ་	PART
གཉིས་	གཉིས་	NUM
ཏེ་	སྟེ་	PART
།		PUNCT
དངོ་	དངོ་	NOUN
དང་	དང་	NO_POS
།		PUNCT
མཁྱེན་པ་	མཁྱེན་པ་	VERB
གསུམ་	གསུམ་	NUM
གྱི་	གི་	PART
བསྡུ་བ་	བསྡུ་བ་	VERB
འོ་	གོ་	PART
། །		PUNCT
དང་པོ་	དང་པོ་	ADJ
དངོ་	དངོ་	NOUN
ལ་	ལ་	PART
གསུམ་	གསུམ་	NUM
སྟེ་	སྟེ་	PART
།		PUNCT
གཞི་ཤེས་	གཞི་ཤེས་	NO_POS
ཀྱི་	གི་	PART
རང་བཞིན་	རང་བཞིན་	NOUN
།		PUNCT
སྦྱོར་བ་	སྦྱོར་བ་	VERB
།		PUNCT
མཐོང་ལམ་	མཐོང་ལམ་	NOUN
མོ་	གོ་	PART
། །		PUNCT
དང་པོ་	དང་པོ་	ADJ
གཞི་ཤེས་	གཞི་ཤེས་	NO_POS
ཀྱི་	གི་	PART
རང་བཞིན་	རང་བཞིན་	NOUN
ལ་	ལ་	PART
བཞི་	བཞི་	NUM
སྟེ་	སྟེ་	PART
།		PUNCT
ངོ་བོ་	ངོ་བོ་	NOUN
མཐའ་	མཐའ་	NOUN
གཉིས་	གཉིས་	NUM
ལ་	ལ་	PART
མི་	མི་	PART
གནས་པ་	གནས་པ་	VERB
།		PUNCT
མཚན་མ་	མཚན་མ་	NOUN
ར་	ལ་	PART
འཛིན་	འཛིན་	VERB
ན་	ལ་	PART
རིང་བ་	རིང་བ་	VERB
།		PUNCT
ཐབས་མཁས་པ་	ཐབས་མཁས་པ་	NO_POS
ཉེ་བ་	ཉེ་བ་	VERB
།		PUNCT
བྱེད་པ་	བྱེད་པ་	VERB
མི་	མི་	PART
མཐུན་	མཐུན་	VERB
ཕྱོགས་	ཕྱོགས་	NOUN
དང་	དང་	NO_POS
གཉེན་པོ་	གཉེན་པོ་	NOUN
འོ་	གོ་	PART
། །		PUNCT
དང་པོ་	དང་པོ་	ADJ
ངོ་བོ་	ངོ་བོ་	NOUN
མཐའ་	མཐའ་	NOUN
གཉིས་	གཉིས་	NUM
ལ་	ལ་	PART
མི་	མི་	PART
གནས་པ་	གནས་པ་	VERB
ནི་	ནི་	NO_POS
།		PUNCT
ཚུ་རོལ་	ཚུ་རོལ་	NOUN
ཕ་རོལ་	ཕ་རོལ་	NOUN
མཐའ་	མཐའ་	NOUN
ལ་	ལ་	PART
མིན་	མིན་	AUX
།།		PUNCT
དེ་དག་	དེ་དག་	OTHER
བ་	བ་	NOUN
ན་	ལ་	PART
མི་	མི་	PART
གནས་པ་	གནས་པ་	VERB
།།		PUNCT
དུས་	དུས་	NOUN
རྣམས་	རྣམས་	DET
མཉམ་པ་ཉིད་	མཉམ་པ་ཉིད་	NOUN
ཤེ་	ཤེ་	VERB
ཕྱི་	ཕྱི་	OTHER
།།		PUNCT
ཤེས་རབ་	ཤེས་རབ་	NOUN
ཕ་རོལ་	ཕ་རོལ་	NOUN
ཕྱིན་པ་	ཕྱིན་པ་	VERB
ར་	ལ་	PART
འདོད་	འདོད་	VERB
།།		PUNCT
		
ཅེས་	ཅེས་	PART
སོ་	གོ་	PART
།།		PUNCT
གཉིས་པ་	གཉིས་པ་	NUM
མཚན་མ་	མཚན་མ་	NOUN
ར་	ལ་	PART
འཛིན་	འཛིན་	VERB
ན་	ལ་	PART
རིང་བ་	རིང་བ་	VERB
ནི་	ནི་	NO_POS
།		PUNCT
དེ་	སྟེ་	PART
ནི་	ནི་	NO_POS
མཚན་མ་	མཚན་མ་	NOUN
ར་	ལ་	PART
དམིགས་སྒོ་	དམིགས་སྒོ་	NO_POS
ན་	ནས་	PART
།།		PUNCT
ཐབས་	ཐབས་	NOUN
མ་ཡིན་པ་	མ་ཡིན་པ་	OTHER
ས་	གིས་	PART
རིང་བ་	རིང་བ་	VERB
སྟེ་	སྟེ་	PART
།།		PUNCT
ཞེ་	ཅེས་	PART
སོ་	གོ་	PART
།།		PUNCT
གསུམ་པ་	གསུམ་པ་	NUM
ཐབས་མཁས་པ་	ཐབས་མཁས་པ་	NO_POS
ཉེ་བ་	ཉེ་བ་	VERB
ནི་	ནི་	NO_POS
།		PUNCT
དེ་	སྟེ་	PART
ནི་	ནི་	NO_POS
ཐབས་	ཐབས་	NOUN
ལ་	ལ་	PART
མཁས་པ་	མཁས་པ་	VERB
ཡི་	གིས་	PART
།།		PUNCT
ཡང་དག་	ཡང་དག་	ADJ
ཉེ་བ་	ཉེ་བ་	VERB
ཉིད་	ཉིད་	DET
དུ་	ལ་	PART
བཤད་	བཤད་	VERB
།།		PUNCT
		
ཅེས་	ཅེས་	PART
སོ་	གོ་	PART
།།		PUNCT
བཞི་པ་	བཞི་པ་	ADJ
བྱེད་པ་	བྱེད་པ་	VERB
མི་	མི་	PART
མཐུན་	མཐུན་	VERB
ཕྱོགས་	ཕྱོགས་	NOUN
དང་	དང་	NO_POS
གཉེན་པོ་	གཉེན་པོ་	NOUN
ལ་	ལ་	PART
བདུན་	བདུན་	NUM
།		PUNCT
གཞི་	གཞི་	NOUN
ལམ་	གམ་	PART
མཚན་	མཚན་	NOUN
འཛིན་	འཛིན་	VERB
སྤང་བྱ་	སྤང་བྱ་	NOUN
དང་	དང་	NO_POS
།		PUNCT
དེ་	དེ་	DET
འི་	གི་	PART
གཉེན་པོ་	གཉེན་པོ་	NOUN
དང་	དང་	NO_POS
།		PUNCT
འབྲས་བུ་	འབྲས་བུ་	NOUN
ལ་	ལ་	PART
མཚན་	མཚན་	NOUN
འཛིན་	འཛིན་	VERB
སྤང་བྱ་	སྤང་བྱ་	NOUN
ར་	ལ་	PART
བཤད་པ་	བཤད་པ་	VERB
།		PUNCT
གཉེན་པོ་	གཉེན་པོ་	NOUN
ཟབ་པ་	ཟབ་པ་	VERB
འི་	གི་	PART
ཚུལ་	ཚུལ་	NOUN
།		PUNCT
བསམ་	བསམ་	NOUN
གྱི་	གི་	PART
མི་	མི་	PART
ཁྱབ་པ་	ཁྱབ་པ་	VERB
།		PUNCT
མཇུག་	མཇུག་	NOUN
བསྡུ་བ་	བསྡུ་བ་	VERB
འོ་	གོ་	PART
། །		PUNCT
དང་པོ་	དང་པོ་	ADJ
གཞི་	གཞི་	NOUN
ལམ་	གམ་	PART
མཚན་	མཚན་	NOUN
འཛིན་	འཛིན་	VERB
སྤང་བྱ་	སྤང་བྱ་	NOUN
བསྟན་པ་	བསྟན་པ་	VERB
ནི་	ནི་	NO_POS
།		PUNCT
གཟུགས་	གཟུགས་	NOUN
སོགས་	སོགས་	DET
ཕུང་པོ་	ཕུང་པོ་	NOUN
སྟོང་ཉིད་	སྟོང་ཉིད་	NOUN
དང་	དང་	NO_POS
།།		PUNCT
དུས་གསུམ་	དུས་གསུམ་	OTHER
རྟོགས་པ་	རྟོགས་པ་	VERB
འི་	གི་	PART
ཆོ་	ཆོ་	NOUN
རྣམས་	རྣམས་	DET
དང་	དང་	NO_POS
།།		PUNCT
སྦྱིན་	སྦྱིན་	VERB
སོགས་	སོགས་	DET
བྱང་ཆུབ་	བྱང་ཆུབ་	NOUN
ཕྱོགས་	ཕྱོགས་	NOUN
རྣམས་	རྣམས་	DET
ལ་	ལ་	PART
།།		PUNCT
སྤྱོད་པ་	སྤྱོད་པ་	VERB
འི་	གི་	PART
འདུ་ཤེས་	འདུ་ཤེས་	NOUN
མི་	མི་	PART
མཐུན་	མཐུན་	VERB
ཕྱོགས་	ཕྱོགས་	NOUN
།།		PUNCT
		
ཞེ་	ཅེས་	PART
སོ་	གོ་	PART
།།		PUNCT
གཉིས་པ་	གཉིས་པ་	NUM
དེ་	དེ་	DET
འི་	གི་	PART
གཉེན་པོ་	གཉེན་པོ་	NOUN
ནི་	ནི་	NO_POS
།		PUNCT
སྦྱིན་	སྦྱིན་	VERB
ལ་སོགས་	ལ་སོགས་	NO_POS
ལ་	ལ་	PART
ང་	ང་	NOUN
འཛིན་	འཛིན་	VERB
མེད་	མེད་	VERB
།།		PUNCT
གཞན་དག་	གཞན་དག་	NO_POS
དེ་	སྟེ་	PART
ལ་	ལ་	PART
འཛུད་	འཛུད་	NO_POS
བྱེད་པ་	བྱེད་པ་	VERB
།།		PUNCT
དེ་	སྟེ་	PART
ནི་	ནི་	NO_POS
ཆགས་པ་	ཆགས་པ་	VERB
འི་	གི་	PART
མཐའ་	མཐའ་	NOUN
འགོག་པ་	འགོག་པ་	VERB
ས་	གིས་	PART
།།		PUNCT
རྒྱལ་	རྒྱལ་	VERB
ལ་སོགས་	ལ་སོགས་	NO_POS
ལ་	ལ་	PART
ཆགས་པ་	ཆགས་པ་	VERB
ཕྲ་	ཕྲ་	NOUN
།།		PUNCT
		
ཞེ་	ཅེས་	PART
སོ་	གོ་	PART
།།		PUNCT
གསུམ་པ་	གསུམ་པ་	NUM
འབྲས་བུ་	འབྲས་བུ་	NOUN
ལ་	ལ་	PART
མཚན་	མཚན་	NOUN
འཛིན་	འཛིན་	VERB
སྤང་བྱ་	སྤང་བྱ་	NOUN
ར་	ལ་	PART
བཤད་པ་	བཤད་པ་	VERB
ནི་	ནི་	NO_POS
།		PUNCT
ཆོ་	ཆོ་	NOUN
ཀྱི་	གི་	PART
ལམ་	གམ་	PART
ནི་	ནི་	NO_POS
རང་བཞིན་	རང་བཞིན་	NOUN
གྱིས་	གིས་	PART
།།		PUNCT
དབེན་པ་	དབེན་པ་	VERB
འི་	གི་	PART
ཕྱི་	ཕྱི་	OTHER
ན་	ལ་	PART
དེ་	སྟེ་	PART
ཟབ་	ཟབ་	VERB
ཉིད་	ཉིད་	DET
།།		PUNCT
ཅེས་	ཅེས་	PART
སོ་	གོ་	PART
།།		PUNCT
བཞི་པ་	བཞི་པ་	ADJ
གཉེན་པོ་	གཉེན་པོ་	NOUN
ནི་	ནི་	NO_POS
།		PUNCT
ཆོ་	ཆོ་	NOUN
རྣམས་	རྣམས་	DET
རང་བཞིན་	རང་བཞིན་	NOUN
གཅིག་པ་	གཅིག་པ་	ADJ
ར་	ལ་	PART
ནི་	ནི་	NO_POS
།།		PUNCT
ཤེས་པ་	ཤེས་པ་	VERB
ས་	གིས་	PART
ཆགས་པ་	ཆགས་པ་	VERB
སྤོང་བ་	སྤོང་བ་	VERB
ཡིན་	ཡིན་	NO_POS
།།		PUNCT
		
ཞེ་	ཅེས་	PART
སོ་	གོ་	PART
།།		PUNCT
ལྔ་པ་	ལྔ་པ་	NUM
ཟབ་པ་	ཟབ་པ་	VERB
འི་	གི་	PART
ཚུལ་	ཚུལ་	NOUN
ནི་	ནི་	NO_POS
།		PUNCT
མཐོང་བ་	མཐོང་བ་	VERB
ལ་སོགས་	ལ་སོགས་	NO_POS
བཀག་པ་	བཀག་པ་	VERB
ཡི་	གིས་	PART
།།		PUNCT
དེ་	སྟེ་	PART
ནི་	ནི་	NO_POS
རྟོགས་པ་	རྟོགས་པ་	VERB
ར་	ལ་	PART
དཀའ་བ་	དཀའ་བ་	VERB
ར་	ལ་	PART
བཤད་	བཤད་	VERB
།།		PUNCT
ཅེས་	ཅེས་	PART
སོ་	གོ་	PART
།།		PUNCT
དྲུག་པ་	དྲུག་པ་	NUM
བསམ་	བསམ་	NOUN
གྱིས་	གིས་	PART
མི་	མི་	PART
ཁྱབ་པ་	ཁྱབ་པ་	VERB
ནི་	ནི་	NO_POS
།		PUNCT
གཟུགས་	གཟུགས་	NOUN
ལ་སོགས་པ་	ལ་སོགས་པ་	NO_POS
ར་	ལ་	PART
མི་	མི་	PART
ཤེ་	ཤེ་	VERB
ཕྱི་	ཕྱི་	OTHER
།།		PUNCT
དེ་	སྟེ་	PART
ནི་	ནི་	NO_POS
བསམ་	བསམ་	NOUN
མི་	མི་	PART
ཁྱབ་པ་	ཁྱབ་པ་	VERB
ར་	ལ་	PART
འདོད་	འདོད་	VERB
།།		PUNCT
		
ཅེས་	ཅེས་	PART
སོ་	གོ་	PART
།།		PUNCT
བདུན་པ་	བདུན་པ་	NUM
མཇུག་	མཇུག་	NOUN
བསྡུ་བ་	བསྡུ་བ་	VERB
ནི་	ནི་	NO_POS
།		PUNCT
དེ་ལྟ་	དེ་ལྟ་	NO_POS
ཀུན་ཤེས་	ཀུན་ཤེས་	PROPN
ཉིད་	ཉིད་	DET
ལུགས་	ལུགས་	NOUN
ལ་	ལ་	PART
།།		PUNCT
མི་	མི་	PART
མཐུན་	མཐུན་	VERB
གཉེན་པོ་	གཉེན་པོ་	NOUN
འི་	གི་	PART
ཕྱོགས་	ཕྱོགས་	NOUN
དག་	དག་	DET
གི་	གི་	PART
།		PUNCT
རྣམ་པ་	རྣམ་པ་	NOUN
ར་	ལ་	PART
དབྱེ་བ་	དབྱེ་བ་	VERB
མ་	མ་	PART
ལུས་བ་	ལུས་བ་	NOUN
།།		PUNCT
ཇི་སྐད་	ཇི་སྐད་	NO_POS
བཤད་པ་	བཤད་པ་	VERB
འདི་	འདི་	DET
ར་	ལ་	PART
ཤེས་བྱ་	ཤེས་བྱ་	VERB
།།		PUNCT
		
ཅེས་	ཅེས་	PART
སོ་	གོ་	PART
།།		PUNCT
གཉིས་པ་	གཉིས་པ་	NUM
སྦྱོར་བ་	སྦྱོར་བ་	VERB
འི་	གི་	PART
ལམ་	གམ་	PART
ལ་	ལ་	PART
གཉིས་	གཉིས་	NUM
ཏེ་	སྟེ་	PART
།		PUNCT
རང་བཞིན་	རང་བཞིན་	NOUN
དང་	དང་	NO_POS
གེགས་	གེགས་	NOUN
སེལ་བ་	སེལ་བ་	VERB
དང་	དང་	NO_POS
།		PUNCT
མཉམ་པ་ཉིད་	མཉམ་པ་ཉིད་	NOUN
བསྒོམ་པ་	བསྒོམ་པ་	VERB
འོ་	གོ་	PART
། །		PUNCT
དང་པོ་	དང་པོ་	ADJ
རང་བཞིན་	རང་བཞིན་	NOUN
ནི་	ནི་	NO_POS
།		PUNCT
གཟུགས་	གཟུགས་	NOUN
སོགས་	སོགས་	DET
དེ་	སྟེ་	PART
མི་རྟག་	མི་རྟག་	OTHER
སོགས་	སོགས་	DET
དང་	དང་	NO_POS
།།		PUNCT
དེ་	སྟེ་	PART
མ་	མ་	PART
རྫོགས་	རྫོགས་	VERB
དང་	དང་	NO_POS
རབ་	རབ་	ADV
རྫོགས་	རྫོགས་	VERB
དང་	དང་	NO_POS
།།		PUNCT
དེ་	སྟེ་	PART
ལ་	ལ་	PART
ཆགས་པ་	ཆགས་པ་	VERB
མེད་	མེད་	VERB
ཉིད་	ཉིད་	DET
ལ་	ལ་	PART
།།		PUNCT
སྤྱོད་པ་	སྤྱོད་པ་	VERB
བཀག་པ་	བཀག་པ་	VERB
འི་	གི་	PART
སྦྱོར་བ་	སྦྱོར་བ་	VERB
དང་	དང་	NO_POS
།།		PUNCT
		
མི་	མི་	PART
འགྱུར་བྱེད་པོ་	འགྱུར་བྱེད་པོ་	NO_POS
མེད་	མེད་	VERB
ཉིད་	ཉིད་	DET
དང་	དང་	NO_POS
།།		PUNCT
བྱ་	བྱ་	VERB
དཀའ་	དཀའ་	VERB
རྣམ་	རྣམ་	NOUN
གསུམ་	གསུམ་	NUM
སྦྱོར་བ་	སྦྱོར་བ་	VERB
དང་	དང་	NO_POS
།།		PUNCT
སྐལ་བ་	སྐལ་བ་	NOUN
ཇི་བཞིན་	ཇི་བཞིན་	OTHER
འབྲས་	འབྲས་	NOUN
ཐོབ་པ་	ཐོབ་པ་	VERB
ས་	གིས་	PART
།།		PUNCT
འབྲས་	འབྲས་	NOUN
ཡོད་	ཡོད་	VERB
འདོད་པ་	འདོད་པ་	VERB
དེ་	སྟེ་	PART
དང་	དང་	NO_POS
ནི་	ནི་	NO_POS
།།		PUNCT
		
གཞན་	གཞན་	DET
ལ་	ལ་	PART
རག་	རག་	VERB
ལ་	ལ་	ADP
ས་	གིས་	PART
མེད་	མེད་	VERB
གང་	གང་	NO_POS
དང་	དང་	NO_POS
།།		PUNCT
སྣང་བ་	སྣང་བ་	VERB
རྣམ་	རྣམ་	NOUN
བདུན་	བདུན་	NUM
ཤེས་བྱེད་	ཤེས་བྱེད་	NOUN
དོ་	གོ་	PART
།།		PUNCT
ཞེ་	ཅེས་	PART
སོ་	གོ་	PART
།།		PUNCT
གཉིས་པ་	གཉིས་པ་	NUM
མཉམ་པ་ཉིད་	མཉམ་པ་ཉིད་	NOUN
བསྒོམ་པ་	བསྒོམ་པ་	VERB
ནི་	ནི་	NO_POS
།		PUNCT
གཟུགས་	གཟུགས་	NOUN
ལ་སོགས་	ལ་སོགས་	NO_POS
ལ་	ལ་	PART
རློམ་	རློམ་	NO_POS
མེད་པ་	མེད་པ་	VERB
།།		PUNCT
རྣམ་	རྣམ་	NOUN
བཞི་	བཞི་	NUM
དེ་	སྟེ་	PART
ཡི་	གི་	PART
མཉམ་པ་ཉིད་	མཉམ་པ་ཉིད་	NOUN
།།		PUNCT
		
ཅེས་	ཅེས་	PART
སོ་	གོ་	PART
།།		PUNCT
གསུམ་པ་	གསུམ་པ་	NUM
མཐོང་ལམ་	མཐོང་ལམ་	NOUN
ལ་	ལ་	PART
གཉིས་	གཉིས་	NUM
ཏེ་	སྟེ་	PART
།		PUNCT
ཡེ་ཤེས་	ཡེ་ཤེས་	NOUN
སྐད་ཅིག་མ་	སྐད་ཅིག་མ་	ADJ
མདོ་	མདོ་	NOUN
ར་	ལ་	PART
བསྟན་	བསྟན་	VERB
དང་	དང་	NO_POS
།		PUNCT
རྟོགས་པ་	རྟོགས་པ་	VERB
རྒྱས་པ་	རྒྱས་པ་	VERB
ར་	ལ་	PART
བཤད་པ་	བཤད་པ་	VERB
འོ་	གོ་	PART
། །		PUNCT
དང་པོ་	དང་པོ་	ADJ
མདོ་	མདོ་	NOUN
ར་	ལ་	PART
བསྟན་	བསྟན་	VERB
ནི་	ནི་	NO_POS
།		PUNCT
སྡུག་བསྔལ་	སྡུག་བསྔལ་	NOUN
ལ་སོགས་	ལ་སོགས་	NO_POS
བདེན་པ་	བདེན་པ་	VERB
ལ་	ལ་	PART
།།		PUNCT
ཆོས་ཤེས་	ཆོས་ཤེས་	NO_POS
རྗེས་སུ་	རྗེས་སུ་	OTHER
ཤེས་པ་	ཤེས་པ་	VERB
དང་	དང་	NO_POS
།།		PUNCT
བཟོད་	བཟོད་	VERB
ཤེ་	ཤེ་	VERB
སྐད་ཅིག་	སྐད་ཅིག་	OTHER
བདག་ཉིད་	བདག་ཉིད་	NOUN
འདི་	འདི་	DET
།།		PUNCT
ཀུན་ཤེས་	ཀུན་ཤེས་	PROPN
ཚུལ་	ཚུལ་	NOUN
ལ་	ལ་	PART
མཐོང་བ་	མཐོང་བ་	VERB
འི་	གི་	PART
ལམ་	གམ་	PART
།།		PUNCT
		
ཞེ་	ཅེས་	PART
སོ་	གོ་	PART
།།		PUNCT
གཉིས་པ་	གཉིས་པ་	NUM
རྟོགས་པ་	རྟོགས་པ་	VERB
རྒྱས་པ་	རྒྱས་པ་	VERB
ར་	ལ་	PART
བཤད་པ་	བཤད་པ་	VERB
ནི་	ནི་	NO_POS
།		PUNCT
གཟུགས་	གཟུགས་	NOUN
རྟག་	རྟག་	VERB
མ་	མ་	PART
ཡིན་	ཡིན་	NO_POS
མི་རྟག་	མི་རྟག་	OTHER
མིན་	མིན་	AUX
།།		PUNCT
མཐའ་	མཐའ་	NOUN
ལ་	ལ་	ADP
ས་	གིས་	PART
འདའ་	འདའ་	VERB
དང་	དང་	NO_POS
རྣམ་དག་	རྣམ་དག་	ADJ
དང་	དང་	NO_POS
།།		PUNCT
མ་	མ་	PART
སྐྱེས་མ་	སྐྱེས་མ་	ADJ
འགག་	འགག་	VERB
ས་	གིས་	PART
ལ་སོགས་	ལ་སོགས་	NO_POS
དང་	དང་	NO_POS
།།		PUNCT
མཁའ་	མཁའ་	NOUN
འདྲ་	འདྲ་	VERB
ཆགས་པ་	ཆགས་པ་	VERB
སྤངས་པ་	སྤངས་པ་	VERB
དང་	དང་	NO_POS
།།		PUNCT
		
ཡོངས་སུ་	ཡོངས་སུ་	NO_POS
འཛིན་	འཛིན་	VERB
ལ་	ལ་	ADP
ས་	གིས་	PART
གྲོལ་བ་	གྲོལ་བ་	VERB
དང་	དང་	NO_POS
།།		PUNCT
ངོ་བོ་	ངོ་བོ་	NOUN
ཉིད་	ཉིད་	DET
ཀྱིས་	གིས་	PART
བརྗོད་	བརྗོད་	VERB
མེད་	མེད་	VERB
དང་	དང་	NO_POS
།།		PUNCT
གང་	གང་	NO_POS
ཕྱི་	ཕྱི་	OTHER
འདི་	འདི་	DET
དོན་	དོན་	NOUN
བརྗོད་པ་	བརྗོད་པ་	VERB
ཡི་	གིས་	PART
།།		PUNCT
གཞན་	གཞན་	DET
ལ་	ལ་	PART
སྦྱིན་	སྦྱིན་	VERB
དུ་	ལ་	PART
མེད་པ་	མེད་པ་	VERB
དང་	དང་	NO_POS
།།		PUNCT
		
དམིགས་པ་	དམིགས་པ་	VERB
མེད་པ་	མེད་པ་	VERB
ར་	ལ་	PART
བྱེད་པ་	བྱེད་པ་	VERB
དང་	དང་	NO_POS
།།		PUNCT
ཤིན་ཏུ་	ཤིན་ཏུ་	NO_POS
རྣམ་དག་	རྣམ་དག་	ADJ
ནད་	ནད་	NOUN
མི་	མི་	PART
འབྱུང་	འབྱུང་	VERB
།།		PUNCT
ངན་སོང་	ངན་སོང་	NOUN
ཆད་	ཆད་	VERB
དང་	དང་	NO_POS
འབྲས་བུ་	འབྲས་བུ་	NOUN
ནི་	ནི་	NO_POS
།།		PUNCT
མངོན་དུ་	མངོན་དུ་	NO_POS
བྱ་	བྱ་	VERB
ལ་	ལ་	PART
མི་	མི་	PART
རྟོག་	རྟོག་	VERB
ཉིད་	ཉིད་	DET
།།		PUNCT
		
མཚན་མ་	མཚན་མ་	NOUN
དག་	དག་	DET
དང་	དང་	NO_POS
མ་	མ་	PART
འབྲེལ་	འབྲེལ་	VERB
དང་	དང་	NO_POS
།།		PUNCT
དངོ་	དངོ་	NOUN
དང་	དང་	NO_POS
མིང་	མིང་	NOUN
དང་	དང་	NO_POS
གཉིས་པོ་	གཉིས་པོ་	NUM
ལ་	ལ་	PART
།།		PUNCT
ཤེས་པ་	ཤེས་པ་	VERB
སྐྱེ་བ་	སྐྱེ་བ་	VERB
མེད་པ་	མེད་པ་	VERB
ནི་	ནི་	NO_POS
།།		PUNCT
ཀུན་ཤེས་	ཀུན་ཤེས་	PROPN
ཉིད་	ཉིད་	DET
ཀྱི་	གི་	PART
སྐད་ཅིག་མ་	སྐད་ཅིག་མ་	ADJ
།།		PUNCT
		
ཞེ་	ཅེས་	PART
སོ་	གོ་	PART
།།		PUNCT
གཉིས་པ་	གཉིས་པ་	NUM
མཁྱེན་པ་	མཁྱེན་པ་	VERB
གསུམ་	གསུམ་	NUM
གྱི་	གི་	PART
བསྡུ་བ་	བསྡུ་བ་	VERB
ནི་	ནི་	NO_POS
།		PUNCT
དེ་ལྟ་	དེ་ལྟ་	NO_POS
འདི་	འདི་	DET
དང་	དང་	NO_POS
ཡང་	ཀྱང་	PART
འདི་	འདི་	DET
དང་	དང་	NO_POS
།།		PUNCT
ཡང་	ཀྱང་	PART
འདི་	འདི་	DET
ཡིན་	ཡིན་	NO_POS
ཏེ་	སྟེ་	PART
རྣམ་	རྣམ་	NOUN
གསུམ་པོ་	གསུམ་པོ་	NUM
།།		PUNCT
འདི་	འདི་	DET
ནི་	ནི་	NO_POS
གནས་སྐབས་	གནས་སྐབས་	NOUN
གསུམ་པོ་	གསུམ་པོ་	NUM
དག་	དག་	DET
།		PUNCT
རྫོགས་པ་	རྫོགས་པ་	VERB
ར་	ལ་	PART
ཡོངས་སུ་	ཡོངས་སུ་	NO_POS
བསྟན་པ་	བསྟན་པ་	VERB
ཡིན་	ཡིན་	NO_POS
།།		PUNCT
		
ཞེ་	ཅེས་	PART
སོ་	གོ་	PART
།།		PUNCT
ཤེས་རབ་	ཤེས་རབ་	NOUN
ཀྱི་	གི་	PART
ཕ་རོལ་	ཕ་རོལ་	NOUN
ཏུ་	ལ་	PART
ཕྱིན་པ་	ཕྱིན་པ་	VERB
འི་	གི་	PART
མན་ངག་	མན་ངག་	NOUN
གི་	གི་	PART
བསྟན་བཅོས་	བསྟན་བཅོས་	NOUN
མངོན་པ་	མངོན་པ་	OTHER
རྟོགས་པ་	རྟོགས་པ་	VERB
འི་	གི་	PART
རྒྱན་	རྒྱན་	NOUN
གྱི་	གི་	PART
ཚིག་ལེའུ་	ཚིག་ལེའུ་	OTHER
ར་	ལ་	PART
བྱས་པ་	བྱས་པ་	VERB
ལ་	ལ་	ADP
ས་	གིས་	PART
།		PUNCT
སྐབས་གསུམ་པ་	སྐབས་གསུམ་པ་	NO_POS
འོ་	གོ་	PART
།། །།		PUNCT
